{"v":"5.5.9","fr":25,"ip":0,"op":27,"w":500,"h":500,"nm":"Composition 5","ddd":0,"assets":[{"id":"comp_0","layers":[{"ddd":0,"ind":1,"ty":4,"nm":"Calque de forme 1","sr":1,"ks":{"o":{"a":0,"k":100,"ix":11},"r":{"a":0,"k":0,"ix":10},"p":{"a":0,"k":[250,246,0],"ix":2},"a":{"a":0,"k":[0,0,0],"ix":1},"s":{"a":0,"k":[100,98.916,100],"ix":6}},"ao":0,"shapes":[],"ip":0,"op":20,"st":0,"bm":0},{"ddd":0,"ind":2,"ty":4,"nm":"Calque 5 Silhouettes 2","sr":1,"ks":{"o":{"a":0,"k":100,"ix":11},"r":{"a":0,"k":0,"ix":10},"p":{"a":1,"k":[{"i":{"x":0.833,"y":0.833},"o":{"x":0.167,"y":0.167},"t":13,"s":[331.305,257.868,0],"to":[-0.042,0.125,0],"ti":[5.417,-0.042,0]},{"i":{"x":0.833,"y":0.833},"o":{"x":0.167,"y":0.167},"t":14,"s":[331.055,258.618,0],"to":[-5.417,0.042,0],"ti":[5.375,0.083,0]},{"i":{"x":0.833,"y":0.833},"o":{"x":0.167,"y":0.167},"t":15,"s":[298.805,258.118,0],"to":[0,0,0],"ti":[0,0,0]},{"i":{"x":0.833,"y":0.833},"o":{"x":0.167,"y":0.167},"t":16,"s":[298.805,258.118,0],"to":[-3.417,0,0],"ti":[11.917,0.708,0]},{"i":{"x":0.833,"y":0.833},"o":{"x":0.167,"y":0.167},"t":17,"s":[278.305,258.118,0],"to":[-11.917,-0.708,0],"ti":[11.929,1.125,0]},{"i":{"x":0.833,"y":0.833},"o":{"x":0.167,"y":0.167},"t":18,"s":[227.305,253.868,0],"to":[-11.929,-1.125,0],"ti":[3.429,0.417,0]},{"t":19,"s":[206.73,251.368,0]}],"ix":2},"a":{"a":0,"k":[25.348,25.348,0],"ix":1},"s":{"a":1,"k":[{"i":{"x":[0.833,0.833,0.833],"y":[0.833,0.833,0.833]},"o":{"x":[0.167,0.167,0.167],"y":[0.167,0.167,0.167]},"t":13,"s":[45.879,70.117,100]},{"i":{"x":[0.833,0.833,0.833],"y":[0.833,0.833,0.833]},"o":{"x":[0.167,0.167,0.167],"y":[0.167,0.167,0.167]},"t":14,"s":[39.902,73.105,100]},{"i":{"x":[0.833,0.833,0.833],"y":[0.833,0.833,0.833]},"o":{"x":[0.167,0.167,0.167],"y":[0.167,0.167,0.167]},"t":15,"s":[74.766,82.07,100]},{"i":{"x":[0.833,0.833,0.833],"y":[0.833,0.833,0.833]},"o":{"x":[0.167,0.167,0.167],"y":[0.167,0.167,0.167]},"t":16,"s":[74.766,82.07,100]},{"i":{"x":[0.833,0.833,0.833],"y":[0.833,0.833,0.833]},"o":{"x":[0.167,0.167,0.167],"y":[0.167,0.167,0.167]},"t":17,"s":[79.746,87.051,100]},{"i":{"x":[0.833,0.833,0.833],"y":[0.833,0.833,0.833]},"o":{"x":[0.167,0.167,0.167],"y":[0.167,0.167,0.167]},"t":18,"s":[91.699,96.016,100]},{"t":19,"s":[100,100,100]}],"ix":6}},"ao":0,"shapes":[{"ty":"gr","it":[{"ind":0,"ty":"sh","ix":1,"ks":{"a":0,"k":{"i":[[0,-13.861],[13.862,0],[0,13.861],[-13.861,0]],"o":[[0,13.861],[-13.861,0],[0,-13.861],[13.862,0]],"v":[[25.098,0],[0,25.098],[-25.098,0],[0,-25.098]],"c":true},"ix":2},"nm":"Tracé 1","mn":"ADBE Vector Shape - Group","hd":false},{"ty":"fl","c":{"a":0,"k":[1,1,1,1],"ix":4},"o":{"a":0,"k":100,"ix":5},"r":1,"bm":0,"nm":"Fond 1","mn":"ADBE Vector Graphic - Fill","hd":false},{"ty":"tr","p":{"a":0,"k":[25.348,25.348],"ix":2},"a":{"a":0,"k":[0,0],"ix":1},"s":{"a":0,"k":[100,100],"ix":3},"r":{"a":0,"k":0,"ix":6},"o":{"a":0,"k":100,"ix":7},"sk":{"a":0,"k":0,"ix":4},"sa":{"a":0,"k":0,"ix":5},"nm":"Transformer "}],"nm":"Groupe 1","np":2,"cix":2,"bm":0,"ix":1,"mn":"ADBE Vector Group","hd":false}],"ip":13,"op":20,"st":5,"bm":0},{"ddd":0,"ind":3,"ty":4,"nm":"Calque 5 Silhouettes 3","sr":1,"ks":{"o":{"a":0,"k":100,"ix":11},"r":{"a":0,"k":0,"ix":10},"p":{"a":1,"k":[{"i":{"x":0.833,"y":0.833},"o":{"x":0.167,"y":0.167},"t":13,"s":[297.805,253.368,0],"to":[8.667,1,0],"ti":[-8.667,-1,0]},{"i":{"x":0.833,"y":0.833},"o":{"x":0.167,"y":0.167},"t":14,"s":[349.805,259.368,0],"to":[0,0,0],"ti":[0,0,0]},{"i":{"x":0.833,"y":0.833},"o":{"x":0.167,"y":0.167},"t":15,"s":[349.805,259.368,0],"to":[0,0,0],"ti":[0,0,0]},{"i":{"x":0.833,"y":0.833},"o":{"x":0.167,"y":0.167},"t":16,"s":[349.805,259.368,0],"to":[-1.083,-0.333,0],"ti":[4.75,0.958,0]},{"i":{"x":0.833,"y":0.833},"o":{"x":0.167,"y":0.167},"t":17,"s":[343.305,257.368,0],"to":[-4.75,-0.958,0],"ti":[6.417,1,0]},{"i":{"x":0.833,"y":0.833},"o":{"x":0.167,"y":0.167},"t":18,"s":[321.305,253.618,0],"to":[-6.417,-1,0],"ti":[2.75,0.375,0]},{"t":19,"s":[304.805,251.368,0]}],"ix":2},"a":{"a":0,"k":[25.348,25.348,0],"ix":1},"s":{"a":1,"k":[{"i":{"x":[0.833,0.833,0.833],"y":[0.833,0.833,0.833]},"o":{"x":[0.167,0.167,0.167],"y":[0.167,0.167,0.167]},"t":13,"s":[74.102,80.078,100]},{"i":{"x":[0.833,0.833,0.833],"y":[0.833,0.833,0.833]},"o":{"x":[0.167,0.167,0.167],"y":[0.167,0.167,0.167]},"t":14,"s":[31.269,69.121,100]},{"i":{"x":[0.833,0.833,0.833],"y":[0.833,0.833,0.833]},"o":{"x":[0.167,0.167,0.167],"y":[0.167,0.167,0.167]},"t":15,"s":[31.269,69.121,100]},{"i":{"x":[0.833,0.833,0.833],"y":[0.833,0.833,0.833]},"o":{"x":[0.167,0.167,0.167],"y":[0.167,0.167,0.167]},"t":16,"s":[31.269,69.121,100]},{"i":{"x":[0.833,0.833,0.833],"y":[0.833,0.833,0.833]},"o":{"x":[0.167,0.167,0.167],"y":[0.167,0.167,0.167]},"t":17,"s":[47.207,89.043,100]},{"i":{"x":[0.833,0.833,0.833],"y":[0.833,0.833,0.833]},"o":{"x":[0.167,0.167,0.167],"y":[0.167,0.167,0.167]},"t":18,"s":[77.09,101.992,100]},{"t":19,"s":[100,100,100]}],"ix":6}},"ao":0,"shapes":[{"ty":"gr","it":[{"ind":0,"ty":"sh","ix":1,"ks":{"a":0,"k":{"i":[[0,-13.861],[13.862,0],[0,13.861],[-13.861,0]],"o":[[0,13.861],[-13.861,0],[0,-13.861],[13.862,0]],"v":[[25.098,0],[0,25.098],[-25.098,0],[0,-25.098]],"c":true},"ix":2},"nm":"Tracé 1","mn":"ADBE Vector Shape - Group","hd":false},{"ty":"fl","c":{"a":0,"k":[1,1,1,1],"ix":4},"o":{"a":0,"k":100,"ix":5},"r":1,"bm":0,"nm":"Fond 1","mn":"ADBE Vector Graphic - Fill","hd":false},{"ty":"tr","p":{"a":0,"k":[25.348,25.348],"ix":2},"a":{"a":0,"k":[0,0],"ix":1},"s":{"a":0,"k":[100,100],"ix":3},"r":{"a":0,"k":0,"ix":6},"o":{"a":0,"k":100,"ix":7},"sk":{"a":0,"k":0,"ix":4},"sa":{"a":0,"k":0,"ix":5},"nm":"Transformer "}],"nm":"Groupe 1","np":2,"cix":2,"bm":0,"ix":1,"mn":"ADBE Vector Group","hd":false}],"ip":14,"op":20,"st":13,"bm":0},{"ddd":0,"ind":4,"ty":4,"nm":"Calque 6 Silhouettes","sr":1,"ks":{"o":{"a":0,"k":100,"ix":11},"r":{"a":0,"k":0,"ix":10},"p":{"a":1,"k":[{"i":{"x":0.833,"y":0.833},"o":{"x":0.167,"y":0.167},"t":0,"s":[206.73,251.368,0],"to":[-1.167,0.333,0],"ti":[1.667,-0.333,0]},{"i":{"x":0.833,"y":0.833},"o":{"x":0.167,"y":0.167},"t":1,"s":[199.73,253.368,0],"to":[-1.667,0.333,0],"ti":[0.5,0,0]},{"i":{"x":0.833,"y":0.833},"o":{"x":0.167,"y":0.167},"t":2,"s":[196.73,253.368,0],"to":[0,0,0],"ti":[0,0,0]},{"i":{"x":0.833,"y":0.833},"o":{"x":0.167,"y":0.167},"t":3,"s":[196.73,253.368,0],"to":[-3.083,0,0],"ti":[6.583,-0.583,0]},{"i":{"x":0.833,"y":0.833},"o":{"x":0.167,"y":0.167},"t":4,"s":[178.23,253.368,0],"to":[-6.583,0.583,0],"ti":[4.708,-1.042,0]},{"i":{"x":0.833,"y":0.833},"o":{"x":0.167,"y":0.167},"t":5,"s":[157.23,256.868,0],"to":[-4.708,1.042,0],"ti":[1.208,-0.458,0]},{"i":{"x":0.833,"y":0.833},"o":{"x":0.167,"y":0.167},"t":6,"s":[149.98,259.618,0],"to":[0,0,0],"ti":[0,0,0]},{"t":7,"s":[149.98,259.618,0]}],"ix":2},"a":{"a":0,"k":[25.348,25.348,0],"ix":1},"s":{"a":1,"k":[{"i":{"x":[0.833,0.833,0.833],"y":[0.833,0.833,0.833]},"o":{"x":[0.167,0.167,0.167],"y":[0.167,0.167,0.167]},"t":3,"s":[100,100,100]},{"i":{"x":[0.833,0.833,0.833],"y":[0.833,0.833,0.833]},"o":{"x":[0.167,0.167,0.167],"y":[0.167,0.167,0.167]},"t":4,"s":[76.094,100,100]},{"i":{"x":[0.833,0.833,0.833],"y":[0.833,0.833,0.833]},"o":{"x":[0.167,0.167,0.167],"y":[0.167,0.167,0.167]},"t":5,"s":[44.219,88.047,100]},{"i":{"x":[0.833,0.833,0.833],"y":[0.833,0.833,0.833]},"o":{"x":[0.167,0.167,0.167],"y":[0.167,0.167,0.167]},"t":6,"s":[30.273,69.121,100]},{"t":7,"s":[30.273,69.121,100]}],"ix":6}},"ao":0,"shapes":[{"ty":"gr","it":[{"ind":0,"ty":"sh","ix":1,"ks":{"a":0,"k":{"i":[[0,-13.861],[13.861,0],[0,13.861],[-13.861,0]],"o":[[0,13.861],[-13.861,0],[0,-13.861],[13.861,0]],"v":[[25.098,0],[0,25.098],[-25.098,0],[0,-25.098]],"c":true},"ix":2},"nm":"Tracé 1","mn":"ADBE Vector Shape - Group","hd":false},{"ty":"fl","c":{"a":0,"k":[1,1,1,1],"ix":4},"o":{"a":0,"k":100,"ix":5},"r":1,"bm":0,"nm":"Fond 1","mn":"ADBE Vector Graphic - Fill","hd":false},{"ty":"tr","p":{"a":0,"k":[25.348,25.348],"ix":2},"a":{"a":0,"k":[0,0],"ix":1},"s":{"a":0,"k":[100,100],"ix":3},"r":{"a":0,"k":0,"ix":6},"o":{"a":0,"k":100,"ix":7},"sk":{"a":0,"k":0,"ix":4},"sa":{"a":0,"k":0,"ix":5},"nm":"Transformer "}],"nm":"Groupe 1","np":2,"cix":2,"bm":0,"ix":1,"mn":"ADBE Vector Group","hd":false}],"ip":0,"op":8,"st":0,"bm":0},{"ddd":0,"ind":5,"ty":4,"nm":"Calque 5 Silhouettes","sr":1,"ks":{"o":{"a":0,"k":100,"ix":11},"r":{"a":0,"k":0,"ix":10},"p":{"a":1,"k":[{"i":{"x":0.833,"y":0.833},"o":{"x":0.167,"y":0.167},"t":0,"s":[304.805,251.368,0],"to":[-1.167,0.333,0],"ti":[1.833,-0.333,0]},{"i":{"x":0.833,"y":0.833},"o":{"x":0.167,"y":0.167},"t":1,"s":[297.805,253.368,0],"to":[-1.833,0.333,0],"ti":[0.667,0,0]},{"i":{"x":0.833,"y":0.833},"o":{"x":0.167,"y":0.167},"t":2,"s":[293.805,253.368,0],"to":[0,0,0],"ti":[0,0,0]},{"i":{"x":0.833,"y":0.833},"o":{"x":0.167,"y":0.167},"t":3,"s":[293.805,253.368,0],"to":[-3.5,0,0],"ti":[12.083,-0.75,0]},{"i":{"x":0.833,"y":0.833},"o":{"x":0.167,"y":0.167},"t":4,"s":[272.805,253.368,0],"to":[-12.083,0.75,0],"ti":[11.917,-0.75,0]},{"i":{"x":0.833,"y":0.833},"o":{"x":0.167,"y":0.167},"t":5,"s":[221.305,257.868,0],"to":[-11.917,0.75,0],"ti":[3.333,0,0]},{"i":{"x":0.833,"y":0.833},"o":{"x":0.167,"y":0.167},"t":6,"s":[201.305,257.868,0],"to":[0,0,0],"ti":[0,0,0]},{"i":{"x":0.833,"y":0.833},"o":{"x":0.167,"y":0.167},"t":7,"s":[201.305,257.868,0],"to":[-5.417,0,0],"ti":[5.417,0,0]},{"t":8,"s":[168.805,257.868,0]}],"ix":2},"a":{"a":0,"k":[25.348,25.348,0],"ix":1},"s":{"a":1,"k":[{"i":{"x":[0.833,0.833,0.833],"y":[0.833,0.833,0.833]},"o":{"x":[0.167,0.167,0.167],"y":[0.167,0.167,0.167]},"t":0,"s":[100,100,100]},{"i":{"x":[0.833,0.833,0.833],"y":[0.833,0.833,0.833]},"o":{"x":[0.167,0.167,0.167],"y":[0.167,0.167,0.167]},"t":2,"s":[100,100,100]},{"i":{"x":[0.833,0.833,0.833],"y":[0.833,0.833,0.833]},"o":{"x":[0.167,0.167,0.167],"y":[0.167,0.167,0.167]},"t":3,"s":[100,100,100]},{"i":{"x":[0.833,0.833,0.833],"y":[0.833,0.833,0.833]},"o":{"x":[0.167,0.167,0.167],"y":[0.167,0.167,0.167]},"t":5,"s":[80.078,86.055,100]},{"i":{"x":[0.833,0.833,0.833],"y":[0.833,0.833,0.833]},"o":{"x":[0.167,0.167,0.167],"y":[0.167,0.167,0.167]},"t":7,"s":[74.102,80.078,100]},{"i":{"x":[0.833,0.833,0.833],"y":[0.833,0.833,0.833]},"o":{"x":[0.167,0.167,0.167],"y":[0.167,0.167,0.167]},"t":8,"s":[40.234,68.125,100]},{"t":14,"s":[74.102,80.078,100]}],"ix":6}},"ao":0,"shapes":[{"ty":"gr","it":[{"ind":0,"ty":"sh","ix":1,"ks":{"a":0,"k":{"i":[[0,-13.861],[13.862,0],[0,13.861],[-13.861,0]],"o":[[0,13.861],[-13.861,0],[0,-13.861],[13.862,0]],"v":[[25.098,0],[0,25.098],[-25.098,0],[0,-25.098]],"c":true},"ix":2},"nm":"Tracé 1","mn":"ADBE Vector Shape - Group","hd":false},{"ty":"fl","c":{"a":0,"k":[1,1,1,1],"ix":4},"o":{"a":0,"k":100,"ix":5},"r":1,"bm":0,"nm":"Fond 1","mn":"ADBE Vector Graphic - Fill","hd":false},{"ty":"tr","p":{"a":0,"k":[25.348,25.348],"ix":2},"a":{"a":0,"k":[0,0],"ix":1},"s":{"a":0,"k":[100,100],"ix":3},"r":{"a":0,"k":0,"ix":6},"o":{"a":0,"k":100,"ix":7},"sk":{"a":0,"k":0,"ix":4},"sa":{"a":0,"k":0,"ix":5},"nm":"Transformer "}],"nm":"Groupe 1","np":2,"cix":2,"bm":0,"ix":1,"mn":"ADBE Vector Group","hd":false}],"ip":0,"op":9,"st":0,"bm":0},{"ddd":0,"ind":6,"ty":4,"nm":"Calque 2 Silhouettes","sr":1,"ks":{"o":{"a":0,"k":100,"ix":11},"r":{"a":0,"k":0,"ix":10},"p":{"a":0,"k":[255.767,250,0],"ix":2},"a":{"a":0,"k":[122.33,127.474,0],"ix":1},"s":{"a":0,"k":[100,100,100],"ix":6}},"ao":0,"shapes":[{"ty":"gr","it":[{"ind":0,"ty":"sh","ix":1,"ks":{"a":1,"k":[{"i":{"x":0.667,"y":1},"o":{"x":0.333,"y":0},"t":0,"s":[{"i":[[12.421,15.686],[53.128,-0.381],[17.859,-22.553],[0,-20.008],[0,0],[0,0],[0,0],[0,0],[0,0],[0,0],[0,0],[-0.635,39.822],[-5.058,6.485],[-6.723,2.731],[0,29.577],[0,0]],"o":[[-17.859,-22.553],[-54.207,-0.381],[-12.421,15.686],[0,0],[0,29.577],[20.47,7.227],[-1.9,41.322],[0,0],[0,0],[0,0],[0,0],[0,0],[2.535,-3.25],[0,0],[0,0],[0,-20.008]],"v":[[103.101,-81.879],[0.001,-130.655],[-103.098,-81.879],[-122.08,-25.663],[-122.08,17.54],[-89.986,60.961],[-73.366,80.866],[-42.233,126.832],[34.49,127.229],[43.065,127.269],[42.791,127.036],[72.868,82.866],[76.588,70.291],[89.988,60.961],[122.08,17.54],[122.08,-25.663]],"c":true}]},{"i":{"x":0.667,"y":1},"o":{"x":0.333,"y":0},"t":1,"s":[{"i":[[12.421,15.686],[53.128,-0.381],[17.859,-22.553],[0,-20.008],[0,0],[0,0],[0,0],[0,0],[0,0],[0,0],[-4.192,1.402],[-5.26,34.484],[-7.315,5.891],[-7.889,2.871],[0,29.577],[0,0]],"o":[[-17.859,-22.553],[-54.207,-0.381],[-12.421,15.686],[0,0],[0,29.577],[14.47,8.477],[-3.147,39.014],[0,0],[0,0],[0,0],[4.192,-1.402],[0,0],[3.666,-2.953],[0,0],[0,0],[0,-20.008]],"v":[[103.101,-81.879],[0.001,-130.655],[-103.098,-81.879],[-122.08,-25.663],[-122.08,17.54],[-89.986,60.961],[-77.366,83.866],[-45.483,126.934],[33.17,127.327],[41.506,127.221],[49.041,126.032],[65.243,80.864],[73.053,69.957],[89.988,60.961],[122.08,17.54],[122.08,-25.663]],"c":true}]},{"i":{"x":0.667,"y":1},"o":{"x":0.333,"y":0},"t":2,"s":[{"i":[[12.421,15.686],[53.128,-0.381],[17.859,-22.553],[0,-20.008],[0,0],[0,0],[0,0],[0,0],[0,0],[0,0],[0,0],[-0.635,39.822],[-9.207,6.04],[-6.723,2.731],[0,29.577],[0,0]],"o":[[-17.859,-22.553],[-54.207,-0.381],[-12.421,15.686],[0,0],[0,29.577],[14.47,8.477],[-3.147,39.014],[0,0],[0,0],[0,0],[0,0],[0,0],[4.614,-3.027],[0,0],[0,0],[0,-20.008]],"v":[[103.101,-81.879],[0.001,-130.655],[-103.098,-81.879],[-122.08,-25.663],[-122.08,17.54],[-89.986,60.961],[-77.366,83.866],[-50.608,126.309],[26.986,127.002],[30.182,127.086],[31.291,127.098],[58.868,81.366],[72.948,69.902],[89.988,60.961],[122.08,17.54],[122.08,-25.663]],"c":true}]},{"i":{"x":0.667,"y":1},"o":{"x":0.333,"y":0},"t":3,"s":[{"i":[[12.421,15.686],[53.128,-0.381],[17.859,-22.553],[0,-20.008],[0,0],[0,0],[0,0],[0,0],[0,0],[0,0],[0,0],[-0.635,39.822],[-9.207,6.04],[-6.723,2.731],[0,29.577],[0,0]],"o":[[-17.859,-22.553],[-54.207,-0.381],[-12.421,15.686],[0,0],[0,29.577],[14.47,8.477],[-3.147,39.014],[0,0],[0,0],[0,0],[0,0],[0,0],[4.614,-3.027],[0,0],[0,0],[0,-20.008]],"v":[[103.101,-81.879],[0.001,-130.655],[-103.098,-81.879],[-122.08,-25.663],[-122.08,17.54],[-89.986,60.961],[-77.366,83.866],[-50.608,126.309],[26.986,127.002],[30.182,127.086],[31.291,127.098],[58.868,81.366],[72.948,69.902],[89.988,60.961],[122.08,17.54],[122.08,-25.663]],"c":true}]},{"i":{"x":0.833,"y":1},"o":{"x":0.333,"y":0},"t":4,"s":[{"i":[[12.421,15.686],[53.128,-0.381],[17.859,-22.553],[0,-20.008],[0,0],[0,0],[0,0],[0,0],[0,0],[-1.826,0.214],[-0.426,0.11],[-5.135,26.072],[-13.535,4.888],[-6.095,4.416],[0,29.577],[0,0]],"o":[[-17.859,-22.553],[-54.207,-0.381],[-12.421,15.686],[0,0],[0,29.577],[5.47,8.977],[-3.147,39.014],[0,0],[0,0],[0.681,-0.08],[5.942,-1.534],[2.575,-7.446],[6.784,-2.45],[0,0],[0,0],[0,-20.008]],"v":[[103.101,-81.879],[0.001,-130.655],[-103.098,-81.879],[-122.08,-25.663],[-122.08,17.54],[-94.236,60.711],[-89.866,85.366],[-66.733,125.684],[-4.144,127.228],[-2.817,127.257],[5.042,126.722],[41.368,85.866],[70.097,70.824],[89.988,60.961],[122.08,17.54],[122.08,-25.663]],"c":true}]},{"i":{"x":0.833,"y":1},"o":{"x":0.167,"y":0},"t":5,"s":[{"i":[[12.421,15.686],[53.128,-0.381],[17.859,-22.553],[0,-20.008],[0,0],[0,0],[0,0],[0,0],[-1.362,0.035],[-1.302,0.213],[-0.426,0.11],[-6.135,21.322],[-14.133,3.52],[-6.095,4.416],[0,29.577],[0,0]],"o":[[-17.859,-22.553],[-54.207,-0.381],[-12.421,15.686],[0,0],[0,29.577],[5.47,8.977],[2.6,36.322],[0,0],[1.551,-0.04],[0.486,-0.079],[5.942,-1.534],[25.223,-16.439],[7.084,-1.764],[0,0],[0,0],[0,-20.008]],"v":[[103.101,-81.879],[0.001,-130.655],[-103.098,-81.879],[-122.08,-25.663],[-122.08,17.54],[-106.736,63.211],[-102.366,95.866],[-80.483,125.684],[-33.677,127.367],[-29.329,127.005],[-27.958,126.722],[8.368,87.866],[65.021,65.747],[84.488,57.461],[121.08,13.54],[122.08,-25.663]],"c":true}]},{"i":{"x":0.833,"y":1},"o":{"x":0.167,"y":0},"t":6,"s":[{"i":[[12.421,15.686],[53.128,-0.381],[17.859,-22.553],[0,-20.008],[0,0],[0,0],[0,0],[0,0],[-1.647,0.125],[-1.37,0.373],[-0.402,0.179],[-13.489,9.333],[-20.465,4.795],[-6.095,4.416],[0,29.577],[0,0]],"o":[[-17.859,-22.553],[-54.207,-0.381],[-12.421,15.686],[0,0],[0,29.577],[4.22,10.227],[-1.4,26.822],[0,0],[1.877,-0.143],[0.511,-0.139],[10.192,-4.534],[18.229,-12.613],[10.257,-2.403],[0,0],[0,0],[0,-20.008]],"v":[[103.101,-81.879],[0.001,-130.655],[-103.098,-81.879],[-122.08,-25.663],[-122.08,17.54],[-112.236,64.461],[-110.366,97.116],[-93.233,125.934],[-47.307,126.951],[-42.333,126.198],[-40.958,125.722],[-10.132,87.366],[54.173,66.526],[79.488,56.961],[122.08,13.04],[122.08,-25.663]],"c":true}]},{"i":{"x":0.833,"y":1},"o":{"x":0.167,"y":0},"t":7,"s":[{"i":[[12.421,15.686],[53.128,-0.381],[17.859,-22.553],[0,-20.008],[0,0],[0,0],[0,0],[0,0],[-1.647,0.125],[-1.37,0.373],[-0.402,0.179],[-13.489,9.333],[-20.465,4.795],[-6.095,4.416],[0,29.577],[0,0]],"o":[[-17.859,-22.553],[-54.207,-0.381],[-12.421,15.686],[0,0],[0,29.577],[4.22,10.227],[-1.4,26.822],[0,0],[1.877,-0.143],[0.511,-0.139],[10.192,-4.534],[18.229,-12.613],[10.257,-2.403],[0,0],[0,0],[0,-20.008]],"v":[[103.101,-81.879],[0.001,-130.655],[-103.098,-81.879],[-122.08,-25.663],[-122.08,17.54],[-112.236,64.461],[-110.366,97.116],[-93.233,125.934],[-47.307,126.951],[-42.333,126.198],[-40.958,125.722],[-10.132,87.366],[54.173,66.526],[79.488,56.961],[122.08,13.04],[122.08,-25.663]],"c":true}]},{"i":{"x":0.833,"y":1},"o":{"x":0.167,"y":0},"t":8,"s":[{"i":[[12.421,15.686],[53.128,-0.381],[17.859,-22.553],[0,-20.008],[0,0],[0,0],[0,0],[0,0],[-2.301,0.305],[-1.626,0.443],[-0.402,0.179],[-14.708,7.931],[-20.611,5.674],[-6.095,4.416],[0,29.577],[0,0]],"o":[[-17.859,-22.553],[-54.207,-0.381],[-12.421,15.686],[0,0],[0,29.577],[0.47,10.977],[-1.4,26.822],[0,0],[2.622,-0.348],[0.607,-0.165],[10.192,-4.534],[19.347,-10.432],[10.33,-2.844],[0,0],[0,0],[0,-20.008]],"v":[[103.101,-81.879],[0.001,-130.655],[-103.098,-81.879],[-122.08,-25.663],[-122.08,17.54],[-117.986,66.961],[-116.366,99.366],[-93.233,125.934],[-54.274,125.674],[-47.73,124.488],[-46.208,123.972],[-12.382,87.379],[53.592,66.889],[78.988,56.461],[122.08,13.04],[122.08,-25.663]],"c":true}]},{"i":{"x":0.833,"y":1},"o":{"x":0.167,"y":0},"t":9,"s":[{"i":[[12.421,15.686],[53.128,-0.381],[17.859,-22.553],[0,-20.008],[0,0],[0,0],[0,0],[0,0],[-3.717,-0.43],[-1.626,0.443],[-7.434,4.734],[-15.336,12.213],[-10.508,3.477],[-8.098,3.748],[0,29.577],[0,0]],"o":[[-17.859,-22.553],[-54.207,-0.381],[-12.421,15.686],[0,0],[0,29.577],[0.47,10.977],[2.6,20.072],[0,0],[26.756,3.099],[0.607,-0.165],[16.692,-10.629],[8.531,-6.794],[5.267,-1.743],[0,0],[0,0],[0,-20.008]],"v":[[103.851,-82.883],[0.751,-131.659],[-102.348,-82.883],[-121.33,-26.667],[-121.33,16.536],[-107.236,64.457],[-107.616,96.862],[-102.608,117.78],[-93.281,125.045],[-14.23,126.616],[-0.708,123.719],[36.118,77.862],[61.582,66.22],[81.238,58.457],[122.83,12.036],[122.83,-26.667]],"c":true}]},{"i":{"x":0.833,"y":1},"o":{"x":0.167,"y":0},"t":10,"s":[{"i":[[12.421,15.686],[53.128,-0.381],[17.859,-22.553],[0,-20.008],[0,0],[0,0],[0,0],[0,0],[-2.694,-0.169],[-1.626,0.443],[-3.933,3.216],[0,0],[-6.398,6.634],[-3.841,1.912],[0,29.577],[0,0]],"o":[[-17.859,-22.553],[-54.207,-0.381],[-12.421,15.686],[0,0],[0,29.577],[0.47,10.977],[3.1,17.072],[0,0],[28.862,1.816],[0.607,-0.165],[12.409,-10.145],[0,0],[3.207,-3.325],[0,0],[0,0],[0,-20.008]],"v":[[104.101,-80.858],[1.001,-131.634],[-105.098,-83.858],[-122.08,-25.663],[-122.58,13.04],[-88.486,60.461],[-80.866,98.866],[-74.233,119.559],[-67.736,124.752],[18.02,125.363],[31.542,121.722],[58.868,81.866],[69.755,67.831],[80.488,59.461],[122.08,13.04],[122.08,-25.663]],"c":true}]},{"i":{"x":0.833,"y":1},"o":{"x":0.167,"y":0},"t":11,"s":[{"i":[[12.421,15.686],[53.128,-0.381],[17.859,-22.553],[0,-20.008],[0,0],[0,0],[0,0],[0,0],[-2.268,-0.145],[-1.626,0.443],[-3.933,3.216],[0,0],[-6.398,6.634],[-3.841,1.912],[0,29.577],[0,0]],"o":[[-17.859,-22.553],[-54.207,-0.381],[-12.421,15.686],[0,0],[0,29.577],[0.47,10.977],[3.1,17.072],[0,0],[30.274,1.934],[0.607,-0.165],[12.409,-10.145],[0,0],[3.207,-3.325],[0,0],[0,0],[0,-20.008]],"v":[[104.101,-80.858],[1.001,-131.634],[-105.098,-83.858],[-122.08,-25.663],[-122.58,13.04],[-88.486,60.461],[-80.866,98.866],[-74.233,119.559],[-68.486,124.501],[20.52,125.614],[31.542,121.722],[58.868,81.866],[69.755,67.831],[80.488,59.461],[122.08,13.04],[122.08,-25.663]],"c":true}]},{"i":{"x":0.667,"y":1},"o":{"x":0.167,"y":0},"t":12,"s":[{"i":[[12.421,15.686],[53.128,-0.381],[17.859,-22.553],[0,-20.008],[-3.186,-23.875],[0,0],[0,0],[0,0],[0,0],[0,0],[0,0],[-3.635,49.542],[-5.654,7.302],[-5.344,2.997],[0,29.577],[0,0]],"o":[[-17.859,-22.553],[-54.207,-0.381],[-12.421,15.686],[0,0],[3.733,27.969],[11.22,9.477],[5.1,51.292],[0,0],[0,0],[0,0],[0,0],[0,0],[2.834,-3.66],[0,0],[0,0],[0,-20.008]],"v":[[103.101,-81.879],[-1.999,-128.648],[-104.598,-83.886],[-121.58,-29.176],[-121.08,16.035],[-88.986,57.95],[-71.366,81.87],[-36.108,127.459],[29.936,128.53],[37.823,129.073],[37.792,129.043],[69.869,83.117],[76.905,68.853],[88.989,58.452],[119.581,17.54],[122.081,-26.165]],"c":true}]},{"i":{"x":0.833,"y":1},"o":{"x":0.333,"y":0},"t":13,"s":[{"i":[[12.421,15.686],[53.128,-0.381],[17.859,-22.553],[0,-20.008],[0,0],[0,0],[0,0],[0,0],[-18.889,-11.238],[-7.095,-10.651],[0,0],[0,0],[-8.778,7.586],[0.666,9.363],[0,29.577],[0,0]],"o":[[-17.859,-22.553],[-54.207,-0.381],[-12.421,15.686],[0,0],[0,29.577],[0,0],[0,0],[0,0],[13.032,7.753],[3.93,5.899],[0,0],[0,0],[4.399,-3.802],[0,0],[0,0],[0,-20.008]],"v":[[103.101,-81.879],[0.001,-130.655],[-103.098,-81.879],[-122.08,-25.663],[-122.08,17.54],[-82.486,56.445],[-67.616,62.802],[-53.733,67.622],[9.003,86.82],[36.328,118.723],[52.041,126.785],[84.618,126.27],[107.175,118.735],[113.988,99.598],[119.08,20.551],[122.08,-25.663]],"c":true}]},{"i":{"x":0.833,"y":1},"o":{"x":0.167,"y":0},"t":14,"s":[{"i":[[12.421,15.686],[53.128,-0.381],[17.859,-22.553],[0,-20.008],[0,0],[0,0],[0,0],[0,0],[-16.469,-10.057],[-8.389,-8.54],[-8.289,-1.075],[0,0],[2.889,29.851],[-1.255,10.481],[0.153,26.805],[0,0]],"o":[[-17.859,-22.553],[-54.207,-0.381],[-12.421,15.686],[0,0],[0,29.577],[0,0],[0,0],[0,0],[12.891,7.872],[5.182,5.275],[12.942,1.678],[0,0],[-0.508,-5.251],[0,0],[0,0],[0,-20.008]],"v":[[103.101,-81.879],[0.001,-130.655],[-103.098,-81.879],[-122.08,-25.663],[-122.08,17.54],[-82.486,56.445],[-67.616,62.802],[-53.733,67.622],[10.003,86.819],[30.306,115.712],[48.769,126.283],[90.368,125.768],[108.095,93.274],[108.988,66.481],[119.08,20.551],[122.08,-25.663]],"c":true}]},{"i":{"x":0.833,"y":1},"o":{"x":0.167,"y":0},"t":15,"s":[{"i":[[12.421,15.686],[53.128,-0.381],[17.859,-22.553],[0,-20.008],[0,0],[0,0],[0,0],[0,0],[-20.733,-12.412],[-6.318,-8.423],[-9.089,-1.511],[0,0],[2.889,29.851],[-1.255,10.481],[0.153,26.805],[0,0]],"o":[[-17.859,-22.553],[-54.207,-0.381],[-12.421,15.686],[0,0],[0,29.577],[0,0],[0,0],[0,0],[9.034,5.408],[5.529,7.37],[13.446,2.235],[0,0],[-0.508,-5.251],[0,0],[0,0],[0,-20.008]],"v":[[103.101,-81.879],[0.001,-130.655],[-103.098,-81.879],[-122.08,-25.663],[-122.08,17.54],[-82.486,56.445],[-67.616,62.802],[-53.733,67.622],[11.003,89.077],[28.843,114.458],[50.556,126.283],[90.368,125.768],[108.095,93.274],[108.988,66.481],[119.08,20.551],[122.08,-25.663]],"c":true}]},{"i":{"x":0.833,"y":1},"o":{"x":0.167,"y":0},"t":16,"s":[{"i":[[12.421,15.686],[53.128,-0.381],[17.859,-22.553],[0,-20.008],[0,0],[0,0],[0,0],[0,0],[-10.446,-10.391],[-15.191,-7.131],[0,0],[0,0],[-3.611,29.098],[-1.255,10.481],[0.153,26.805],[0,0]],"o":[[-17.859,-22.553],[-54.207,-0.381],[-12.421,15.686],[0,0],[0,29.577],[0,0],[0,0],[0,0],[11.897,11.835],[20.838,9.782],[0,0],[0,0],[0.65,-5.235],[0,0],[0,0],[0,-20.008]],"v":[[102.601,-80.875],[0.001,-130.655],[-103.098,-81.879],[-122.08,-25.663],[-122.08,17.54],[-82.486,56.445],[-67.616,62.802],[-53.733,67.622],[-13.997,87.557],[24.093,122.847],[77.306,125.701],[77.368,125.813],[99.095,94.529],[102.988,64.975],[119.08,20.551],[120.58,-25.663]],"c":true}]},{"i":{"x":0.833,"y":1},"o":{"x":0.167,"y":0},"t":17,"s":[{"i":[[12.421,15.686],[53.128,-0.381],[17.859,-22.553],[0,-20.008],[0,0],[0,0],[0,0],[0,0],[-8.77,-26.151],[0,0],[-2.523,0.204],[0,0],[-3.111,29.851],[-1.255,10.481],[0.153,26.805],[0,0]],"o":[[-17.859,-22.553],[-54.207,-0.381],[-12.421,15.686],[0,0],[0,29.577],[0,0],[0,0],[0,0],[4.063,12.114],[0,0],[1.796,-0.146],[0,0],[0.547,-5.247],[0,0],[0,0],[0,-20.008]],"v":[[102.601,-80.875],[0.001,-130.655],[-104.098,-82.883],[-123.83,-27.419],[-124.58,17.289],[-91.486,61.212],[-79.616,67.82],[-61.733,73.894],[-36.997,107.126],[-6.758,126.485],[64.58,125.199],[69.931,124.433],[87.095,92.773],[90.738,60.71],[119.08,20.551],[120.58,-25.663]],"c":true}]},{"i":{"x":0.667,"y":1},"o":{"x":0.167,"y":0},"t":18,"s":[{"i":[[12.421,15.686],[53.128,-0.381],[17.859,-22.553],[0,-20.008],[0,0],[0,0],[0,0],[0,0],[-0.59,-2.91],[-8.141,-12.594],[0,0],[0,0],[-0.611,30.353],[-16.505,3.205],[0.153,26.805],[0,0]],"o":[[-17.859,-22.553],[-54.207,-0.381],[-12.421,15.686],[0,0],[0,29.577],[0,0],[0,0],[0,0],[2.98,14.697],[5.391,8.339],[0,0],[0,0],[0.106,-5.274],[0,0],[0,0],[0,-20.008]],"v":[[102.601,-80.875],[0.001,-130.655],[-104.098,-82.883],[-123.83,-27.419],[-124.58,17.289],[-91.486,61.212],[-79.616,67.82],[-66.234,76.152],[-59.997,83.259],[-47.407,118.048],[-30.444,127.545],[46.118,125.399],[74.345,93.274],[90.738,60.71],[119.08,20.551],[120.58,-25.663]],"c":true}]},{"t":19,"s":[{"i":[[12.421,15.686],[53.128,-0.381],[17.859,-22.553],[0,-20.008],[0,0],[0,0],[0,0],[0,0],[0,0],[0,0],[0,0],[-0.635,39.822],[-5.058,6.485],[-6.723,2.731],[0,29.577],[0,0]],"o":[[-17.859,-22.553],[-54.207,-0.381],[-12.421,15.686],[0,0],[0,29.577],[20.47,7.227],[-1.9,41.322],[0,0],[0,0],[0,0],[0,0],[0,0],[2.535,-3.25],[0,0],[0,0],[0,-20.008]],"v":[[103.101,-81.879],[0.001,-130.655],[-103.098,-81.879],[-122.08,-25.663],[-122.08,17.54],[-89.986,60.961],[-73.366,80.866],[-42.233,126.832],[34.142,127.213],[42.717,127.253],[42.791,127.036],[72.868,82.866],[76.588,70.291],[89.988,60.961],[122.08,17.54],[122.08,-25.663]],"c":true}]}],"ix":2},"nm":"Tracé 1","mn":"ADBE Vector Shape - Group","hd":false},{"ty":"fl","c":{"a":0,"k":[1,0,0,1],"ix":4},"o":{"a":0,"k":100,"ix":5},"r":1,"bm":0,"nm":"Fond 1","mn":"ADBE Vector Graphic - Fill","hd":false},{"ty":"tr","p":{"a":0,"k":[122.33,127.286],"ix":2},"a":{"a":0,"k":[0,0],"ix":1},"s":{"a":0,"k":[100,99.645],"ix":3},"r":{"a":0,"k":0,"ix":6},"o":{"a":0,"k":100,"ix":7},"sk":{"a":0,"k":0,"ix":4},"sa":{"a":0,"k":0,"ix":5},"nm":"Transformer "}],"nm":"Groupe 1","np":2,"cix":2,"bm":0,"ix":1,"mn":"ADBE Vector Group","hd":false}],"ip":0,"op":20,"st":0,"bm":0}]}],"layers":[{"ddd":0,"ind":1,"ty":4,"nm":"Calque de forme 1","sr":1,"ks":{"o":{"a":0,"k":15,"ix":11},"r":{"a":0,"k":0,"ix":10},"p":{"a":0,"k":[250.748,364.701,0],"ix":2},"a":{"a":0,"k":[0.748,114.701,0],"ix":1},"s":{"a":1,"k":[{"i":{"x":[0.667,0.667,0.667],"y":[1,1,1]},"o":{"x":[0.167,0.167,0.167],"y":[0.167,0,0]},"t":0,"s":[103.279,100,100]},{"i":{"x":[0.667,0.667,0.667],"y":[1,1,1]},"o":{"x":[0.167,0.167,0.167],"y":[0.167,0,0]},"t":1,"s":[98.907,100,100]},{"i":{"x":[0.667,0.667,0.667],"y":[1,1,1]},"o":{"x":[0.167,0.167,0.167],"y":[0.167,0,0]},"t":7,"s":[130.602,100,100]},{"i":{"x":[0.667,0.667,0.667],"y":[1,1,1]},"o":{"x":[0.167,0.167,0.167],"y":[0.167,0,0]},"t":10,"s":[109.836,100,100]},{"i":{"x":[0.667,0.667,0.667],"y":[1,1,1]},"o":{"x":[0.167,0.167,0.167],"y":[0.167,0,0]},"t":13,"s":[130.602,100,100]},{"i":{"x":[0.667,0.667,0.667],"y":[1,1,1]},"o":{"x":[0.167,0.167,0.167],"y":[0.167,0,0]},"t":19,"s":[98.907,100,100]},{"t":21,"s":[103.279,100,100]}],"ix":6}},"ao":0,"shapes":[{"ty":"gr","it":[{"d":1,"ty":"el","s":{"a":0,"k":[91.496,3.402],"ix":2},"p":{"a":0,"k":[0,0],"ix":3},"nm":"Tracé d'ellipse 1","mn":"ADBE Vector Shape - Ellipse","hd":false},{"ty":"st","c":{"a":0,"k":[1,0.062745098039,0,1],"ix":3},"o":{"a":0,"k":100,"ix":4},"w":{"a":0,"k":0,"ix":5},"lc":1,"lj":1,"ml":4,"bm":0,"nm":"Contour 1","mn":"ADBE Vector Graphic - Stroke","hd":false},{"ty":"fl","c":{"a":0,"k":[0,0,0,1],"ix":4},"o":{"a":0,"k":100,"ix":5},"r":1,"bm":0,"nm":"Fond 1","mn":"ADBE Vector Graphic - Fill","hd":false},{"ty":"tr","p":{"a":0,"k":[0.748,114.701],"ix":2},"a":{"a":0,"k":[0,0],"ix":1},"s":{"a":0,"k":[100,100],"ix":3},"r":{"a":0,"k":0,"ix":6},"o":{"a":0,"k":100,"ix":7},"sk":{"a":0,"k":0,"ix":4},"sa":{"a":0,"k":0,"ix":5},"nm":"Transformer "}],"nm":"Ellipse 1","np":3,"cix":2,"bm":0,"ix":1,"mn":"ADBE Vector Group","hd":false}],"ip":0,"op":27,"st":0,"bm":0},{"ddd":0,"ind":2,"ty":0,"nm":"crane 2","refId":"comp_0","sr":1,"ks":{"o":{"a":0,"k":100,"ix":11},"r":{"a":0,"k":0,"ix":10},"p":{"a":0,"k":[250,250,0],"ix":2},"a":{"a":0,"k":[250,250,0],"ix":1},"s":{"a":0,"k":[50,50,100],"ix":6}},"ao":0,"tm":{"a":0,"k":0.76,"ix":2},"w":500,"h":500,"ip":21,"op":27,"st":2,"bm":0},{"ddd":0,"ind":3,"ty":0,"nm":"crane 2","refId":"comp_0","sr":1,"ks":{"o":{"a":0,"k":100,"ix":11},"r":{"a":0,"k":0,"ix":10},"p":{"a":0,"k":[250,250,0],"ix":2},"a":{"a":0,"k":[250,250,0],"ix":1},"s":{"a":0,"k":[50,50,100],"ix":6}},"ao":0,"tm":{"a":0,"k":0.72,"ix":2},"w":500,"h":500,"ip":19,"op":21,"st":1,"bm":0},{"ddd":0,"ind":4,"ty":0,"nm":"crane 2","refId":"comp_0","sr":1,"ks":{"o":{"a":0,"k":100,"ix":11},"r":{"a":0,"k":0,"ix":10},"p":{"a":0,"k":[250,250,0],"ix":2},"a":{"a":0,"k":[250,250,0],"ix":1},"s":{"a":0,"k":[50,50,100],"ix":6}},"ao":0,"tm":{"a":0,"k":0.68,"ix":2},"w":500,"h":500,"ip":17,"op":19,"st":1,"bm":0},{"ddd":0,"ind":5,"ty":0,"nm":"crane 2","refId":"comp_0","sr":1,"ks":{"o":{"a":0,"k":100,"ix":11},"r":{"a":0,"k":0,"ix":10},"p":{"a":0,"k":[250,250,0],"ix":2},"a":{"a":0,"k":[250,250,0],"ix":1},"s":{"a":0,"k":[50,50,100],"ix":6}},"ao":0,"w":500,"h":500,"ip":0,"op":18,"st":0,"bm":0}],"markers":[]}