{"v":"5.4.3","fr":30,"ip":0,"op":96,"w":512,"h":512,"nm":"Main Comp","ddd":0,"assets":[{"id":"comp_0","layers":[{"ddd":0,"ind":1,"ty":4,"nm":"Cross Outlines","sr":1,"ks":{"o":{"a":1,"k":[{"i":{"x":[0.667],"y":[1]},"o":{"x":[0.333],"y":[0]},"n":["0p667_1_0p333_0"],"t":0,"s":[0],"e":[100]},{"i":{"x":[0.667],"y":[1]},"o":{"x":[0.333],"y":[0]},"n":["0p667_1_0p333_0"],"t":5,"s":[100],"e":[100]},{"i":{"x":[0.667],"y":[1]},"o":{"x":[0.333],"y":[0]},"n":["0p667_1_0p333_0"],"t":81,"s":[100],"e":[0]},{"t":91}],"ix":11},"r":{"a":0,"k":0,"ix":10},"p":{"a":0,"k":[264,276,0],"ix":2},"a":{"a":0,"k":[640,512,0],"ix":1},"s":{"a":1,"k":[{"i":{"x":[0.667,0.667,0.667],"y":[1,1,1]},"o":{"x":[0.333,0.333,0.333],"y":[0,0,0]},"n":["0p667_1_0p333_0","0p667_1_0p333_0","0p667_1_0p333_0"],"t":0,"s":[1000,1000,100],"e":[1200,1200,100]},{"i":{"x":[0.667,0.667,0.667],"y":[1,1,1]},"o":{"x":[0.333,0.333,0.333],"y":[0,0,0]},"n":["0p667_1_0p333_0","0p667_1_0p333_0","0p667_1_0p333_0"],"t":5,"s":[1200,1200,100],"e":[1000,1000,100]},{"i":{"x":[0.667,0.667,0.667],"y":[1,1,1]},"o":{"x":[0.333,0.333,0.333],"y":[0,0,0]},"n":["0p667_1_0p333_0","0p667_1_0p333_0","0p667_1_0p333_0"],"t":14,"s":[1000,1000,100],"e":[900,900,100]},{"i":{"x":[0.833,0.833,0.833],"y":[1,1,1]},"o":{"x":[0.167,0.167,0.167],"y":[0,0,0]},"n":["0p833_1_0p167_0","0p833_1_0p167_0","0p833_1_0p167_0"],"t":81,"s":[900,900,100],"e":[1600,1600,100]},{"t":91}],"ix":6}},"ao":0,"shapes":[{"ty":"gr","it":[{"ind":0,"ty":"sh","ix":1,"ks":{"a":0,"k":{"i":[[0.553,0],[0,0],[0,-0.552],[0,0],[0,0],[0,-0.552],[0,0],[-0.552,0],[0,0],[0,0],[-0.552,0],[0,0],[0,0.553],[0,0],[0,0],[0,0.553],[0,0],[0.553,0],[0,0],[0,0]],"o":[[0,0],[-0.552,0],[0,0],[0,0],[-0.552,0],[0,0],[0,0.553],[0,0],[0,0],[0,0.553],[0,0],[0.553,0],[0,0],[0,0],[0.553,0],[0,0],[0,-0.552],[0,0],[0,0],[0,-0.552]],"v":[[2,-8],[-2,-8],[-3,-7],[-3,-3],[-7,-3],[-8,-2],[-8,2],[-7,3],[-3,3],[-3,7],[-2,8],[2,8],[3,7],[3,3],[7,3],[8,2],[8,-2],[7,-3],[3,-3],[3,-7]],"c":true},"ix":2},"nm":"Path 1","mn":"ADBE Vector Shape - Group","hd":false},{"ind":1,"ty":"sh","ix":2,"ks":{"a":0,"k":{"i":[[0,0],[0,0],[0,0],[0,0],[0,0],[0,0],[0,0],[0,0],[0,0],[0,0],[0,0],[0,0]],"o":[[0,0],[0,0],[0,0],[0,0],[0,0],[0,0],[0,0],[0,0],[0,0],[0,0],[0,0],[0,0]],"v":[[2,-7],[2,-2],[7,-2],[7,2],[2,2],[2,7],[-2,7],[-2,2],[-7,2],[-7,-2],[-2,-2],[-2,-7]],"c":true},"ix":2},"nm":"Path 2","mn":"ADBE Vector Shape - Group","hd":false},{"ty":"mm","mm":1,"nm":"Merge Paths 1","mn":"ADBE Vector Filter - Merge","hd":false},{"ty":"fl","c":{"a":0,"k":[1,1,1,1],"ix":4},"o":{"a":0,"k":100,"ix":5},"r":1,"bm":0,"nm":"Fill 1","mn":"ADBE Vector Graphic - Fill","hd":false},{"ty":"tr","p":{"a":0,"k":[640,512],"ix":2},"a":{"a":0,"k":[0,0],"ix":1},"s":{"a":0,"k":[100,100],"ix":3},"r":{"a":0,"k":0,"ix":6},"o":{"a":0,"k":100,"ix":7},"sk":{"a":0,"k":0,"ix":4},"sa":{"a":0,"k":0,"ix":5},"nm":"Transform"}],"nm":"Group 1","np":4,"cix":2,"bm":0,"ix":1,"mn":"ADBE Vector Group","hd":false},{"ty":"gr","it":[{"ind":0,"ty":"sh","ix":1,"ks":{"a":0,"k":{"i":[[0,0],[0,0.276],[0,0],[0,0],[0,0.276],[0,0],[-0.276,0],[0,0],[0,0],[-0.276,0],[0,0],[0,-0.276],[0,0],[0,0],[0,-0.276],[0,0],[0.276,0],[0,0],[0,0],[0.276,0]],"o":[[-0.276,0],[0,0],[0,0],[-0.276,0],[0,0],[0,-0.276],[0,0],[0,0],[0,-0.276],[0,0],[0.276,0],[0,0],[0,0],[0.276,0],[0,0],[0,0.276],[0,0],[0,0],[0,0.276],[0,0]],"v":[[-2,7.5],[-2.5,7],[-2.5,2.5],[-7,2.5],[-7.5,2],[-7.5,-2],[-7,-2.5],[-2.5,-2.5],[-2.5,-7],[-2,-7.5],[2,-7.5],[2.5,-7],[2.5,-2.5],[7,-2.5],[7.5,-2],[7.5,2],[7,2.5],[2.5,2.5],[2.5,7],[2,7.5]],"c":true},"ix":2},"nm":"Path 1","mn":"ADBE Vector Shape - Group","hd":false},{"ty":"fl","c":{"a":0,"k":[1,0,0,1],"ix":4},"o":{"a":0,"k":100,"ix":5},"r":1,"bm":0,"nm":"Fill 1","mn":"ADBE Vector Graphic - Fill","hd":false},{"ty":"tr","p":{"a":0,"k":[640,512],"ix":2},"a":{"a":0,"k":[0,0],"ix":1},"s":{"a":0,"k":[100,100],"ix":3},"r":{"a":0,"k":0,"ix":6},"o":{"a":0,"k":100,"ix":7},"sk":{"a":0,"k":0,"ix":4},"sa":{"a":0,"k":0,"ix":5},"nm":"Transform"}],"nm":"Group 2","np":2,"cix":2,"bm":0,"ix":2,"mn":"ADBE Vector Group","hd":false}],"ip":0,"op":180,"st":0,"bm":0}]},{"id":"comp_1","layers":[{"ddd":0,"ind":1,"ty":4,"nm":"Shape Layer 1","sr":1,"ks":{"o":{"a":0,"k":100,"ix":11},"r":{"a":0,"k":0,"ix":10},"p":{"a":1,"k":[{"i":{"x":0.833,"y":0.833},"o":{"x":0.167,"y":0.167},"n":"0p833_0p833_0p167_0p167","t":0,"s":[251.926,216.177,0],"e":[211.926,98.862,0],"to":[0,-14.069878578186,0],"ti":[0,33.6823081970215,0]},{"i":{"x":0.833,"y":0.833},"o":{"x":0.167,"y":0.167},"n":"0p833_0p833_0p167_0p167","t":40,"s":[211.926,98.862,0],"e":[260.163,-19.43,0],"to":[0,-25.3802909851074,0],"ti":[-8.60005664825439,25.1928749084473,0]},{"i":{"x":0.833,"y":0.833},"o":{"x":0.167,"y":0.167},"n":"0p833_0p833_0p167_0p167","t":80,"s":[260.163,-19.43,0],"e":[251.926,-133.823,0],"to":[11.0819263458252,-32.4632263183594,0],"ti":[0,13.6615209579468,0]},{"t":119}],"ix":2},"a":{"a":0,"k":[0,0,0],"ix":1},"s":{"a":0,"k":[100,100,100],"ix":6}},"ao":0,"shapes":[{"ty":"gr","it":[{"d":1,"ty":"el","s":{"a":0,"k":[138.934,138.934],"ix":2},"p":{"a":0,"k":[0,0],"ix":3},"nm":"Ellipse Path 1","mn":"ADBE Vector Shape - Ellipse","hd":false},{"ty":"st","c":{"a":0,"k":[1,1,1,1],"ix":3},"o":{"a":0,"k":100,"ix":4},"w":{"a":0,"k":25,"ix":5},"lc":1,"lj":1,"ml":4,"ml2":{"a":0,"k":4,"ix":8},"bm":0,"nm":"Stroke 1","mn":"ADBE Vector Graphic - Stroke","hd":false},{"ty":"fl","c":{"a":0,"k":[0.9058823529411765,0.058823529411764705,0.058823529411764705,1],"ix":4},"o":{"a":0,"k":50,"ix":5},"r":1,"bm":0,"nm":"Fill 1","mn":"ADBE Vector Graphic - Fill","hd":false},{"ty":"tr","p":{"a":0,"k":[1.4,178.467],"ix":2},"a":{"a":0,"k":[0,0],"ix":1},"s":{"a":1,"k":[{"i":{"x":[0.833,0.833],"y":[0.833,0.833]},"o":{"x":[0.167,0.167],"y":[0.167,0.167]},"n":["0p833_0p833_0p167_0p167","0p833_0p833_0p167_0p167"],"t":0,"s":[72.855,72.855],"e":[0,0]},{"t":119}],"ix":3},"r":{"a":0,"k":0,"ix":6},"o":{"a":1,"k":[{"i":{"x":[0.833],"y":[0.833]},"o":{"x":[0.167],"y":[0.167]},"n":["0p833_0p833_0p167_0p167"],"t":0,"s":[100],"e":[70]},{"t":119}],"ix":7},"sk":{"a":0,"k":0,"ix":4},"sa":{"a":0,"k":0,"ix":5},"nm":"Transform"}],"nm":"Ellipse 1","np":3,"cix":2,"bm":0,"ix":1,"mn":"ADBE Vector Group","hd":false}],"ip":0,"op":120,"st":0,"bm":0}]}],"layers":[{"ddd":0,"ind":1,"ty":0,"nm":"Cross","refId":"comp_0","sr":1,"ks":{"o":{"a":0,"k":100,"ix":11},"r":{"a":0,"k":0,"ix":10},"p":{"a":0,"k":[241,227,0],"ix":2},"a":{"a":0,"k":[256,256,0],"ix":1},"s":{"a":0,"k":[150,150,100],"ix":6}},"ao":0,"w":512,"h":512,"ip":3,"op":183,"st":3,"bm":0},{"ddd":0,"ind":2,"ty":4,"nm":"Shape Layer 1","sr":1,"ks":{"o":{"a":0,"k":100,"ix":11},"r":{"a":0,"k":0,"ix":10},"p":{"a":0,"k":[256,256,0],"ix":2},"a":{"a":0,"k":[0,0,0],"ix":1},"s":{"a":0,"k":[100,100,100],"ix":6}},"ao":0,"shapes":[{"ty":"gr","it":[{"d":1,"ty":"el","s":{"a":1,"k":[{"i":{"x":[0.667,0.667],"y":[1,1]},"o":{"x":[0.084,0.084],"y":[0.8,0.8]},"n":["0p667_1_0p084_0p8","0p667_1_0p084_0p8"],"t":0,"s":[0,0],"e":[840.883,840.883]},{"t":40}],"ix":2},"p":{"a":0,"k":[0,0],"ix":3},"nm":"Ellipse Path 1","mn":"ADBE Vector Shape - Ellipse","hd":false},{"ty":"st","c":{"a":0,"k":[0.9058823529411765,0.058823529411764705,0.058823529411764705,1],"ix":3},"o":{"a":1,"k":[{"i":{"x":[0.833],"y":[1]},"o":{"x":[0.167],"y":[0]},"n":["0p833_1_0p167_0"],"t":0,"s":[0],"e":[100]},{"i":{"x":[0.56],"y":[0.92]},"o":{"x":[0.333],"y":[0]},"n":["0p56_0p92_0p333_0"],"t":5,"s":[100],"e":[0]},{"t":40}],"ix":4},"w":{"a":1,"k":[{"i":{"x":[0.704],"y":[0.958]},"o":{"x":[0.296],"y":[0.896]},"n":["0p704_0p958_0p296_0p896"],"t":0,"s":[62],"e":[191]},{"t":29.916015625}],"ix":5},"lc":1,"lj":1,"ml":4,"ml2":{"a":0,"k":4,"ix":8},"bm":0,"nm":"Stroke 1","mn":"ADBE Vector Graphic - Stroke","hd":false},{"ty":"fl","c":{"a":0,"k":[0.686274528503,0.933333337307,1,1],"ix":4},"o":{"a":0,"k":0,"ix":5},"r":1,"bm":0,"nm":"Fill 1","mn":"ADBE Vector Graphic - Fill","hd":false},{"ty":"tr","p":{"a":0,"k":[-1.801,2.051],"ix":2},"a":{"a":0,"k":[0,0],"ix":1},"s":{"a":0,"k":[35.677,35.677],"ix":3},"r":{"a":0,"k":0,"ix":6},"o":{"a":0,"k":100,"ix":7},"sk":{"a":0,"k":0,"ix":4},"sa":{"a":0,"k":0,"ix":5},"nm":"Transform"}],"nm":"Ellipse 1","np":3,"cix":2,"bm":0,"ix":1,"mn":"ADBE Vector Group","hd":false}],"ip":0,"op":180,"st":0,"bm":0},{"ddd":0,"ind":6,"ty":0,"nm":"Circle","refId":"comp_1","sr":1,"ks":{"o":{"a":0,"k":100,"ix":11},"r":{"a":0,"k":-159,"ix":10},"p":{"a":0,"k":[229.99999999999997,316,0],"ix":2},"a":{"a":0,"k":[256,256,0],"ix":1},"s":{"a":0,"k":[-60.295,56.031,100],"ix":6}},"ao":0,"w":512,"h":512,"ip":11,"op":131,"st":11,"bm":0},{"ddd":0,"ind":7,"ty":0,"nm":"Circle","refId":"comp_1","sr":1,"ks":{"o":{"a":0,"k":100,"ix":11},"r":{"a":0,"k":-16,"ix":10},"p":{"a":0,"k":[236,204,0],"ix":2},"a":{"a":0,"k":[256,256,0],"ix":1},"s":{"a":0,"k":[-45.23,42.031,100],"ix":6}},"ao":0,"w":512,"h":512,"ip":11,"op":131,"st":11,"bm":0},{"ddd":0,"ind":8,"ty":0,"nm":"Circle","refId":"comp_1","sr":1,"ks":{"o":{"a":0,"k":100,"ix":11},"r":{"a":0,"k":-267,"ix":10},"p":{"a":0,"k":[329,264,0],"ix":2},"a":{"a":0,"k":[256,256,0],"ix":1},"s":{"a":0,"k":[57.031,57.031,100],"ix":6}},"ao":0,"w":512,"h":512,"ip":10,"op":130,"st":10,"bm":0},{"ddd":0,"ind":9,"ty":0,"nm":"Circle","refId":"comp_1","sr":1,"ks":{"o":{"a":0,"k":100,"ix":11},"r":{"a":0,"k":-95,"ix":10},"p":{"a":0,"k":[160,266,0],"ix":2},"a":{"a":0,"k":[256,256,0],"ix":1},"s":{"a":0,"k":[70,70,100],"ix":6}},"ao":0,"w":512,"h":512,"ip":10,"op":130,"st":10,"bm":0},{"ddd":0,"ind":10,"ty":0,"nm":"Circle","refId":"comp_1","sr":1,"ks":{"o":{"a":0,"k":100,"ix":11},"r":{"a":0,"k":50,"ix":10},"p":{"a":0,"k":[300,214,0],"ix":2},"a":{"a":0,"k":[256,256,0],"ix":1},"s":{"a":0,"k":[-45.23,42.031,100],"ix":6}},"ao":0,"w":512,"h":512,"ip":9,"op":129,"st":9,"bm":0},{"ddd":0,"ind":11,"ty":0,"nm":"Circle","refId":"comp_1","sr":1,"ks":{"o":{"a":0,"k":100,"ix":11},"r":{"a":0,"k":-201,"ix":10},"p":{"a":0,"k":[273,326,0],"ix":2},"a":{"a":0,"k":[256,256,0],"ix":1},"s":{"a":0,"k":[57.031,57.031,100],"ix":6}},"ao":0,"w":512,"h":512,"ip":9,"op":129,"st":9,"bm":0},{"ddd":0,"ind":12,"ty":0,"nm":"Circle","refId":"comp_1","sr":1,"ks":{"o":{"a":0,"k":100,"ix":11},"r":{"a":0,"k":-29,"ix":10},"p":{"a":0,"k":[208,170,0],"ix":2},"a":{"a":0,"k":[256,256,0],"ix":1},"s":{"a":0,"k":[70,70,100],"ix":6}},"ao":0,"w":512,"h":512,"ip":9,"op":129,"st":9,"bm":0}],"markers":[]}