{"v":"5.1.1","fr":25,"ip":0,"op":75,"w":600,"h":600,"nm":"Composição 3","ddd":0,"assets":[],"layers":[{"ddd":0,"ind":1,"ty":4,"nm":"bed1 contornos","sr":1,"ks":{"o":{"a":0,"k":100,"ix":11},"r":{"a":1,"k":[{"i":{"x":[0.52],"y":[1]},"o":{"x":[0.48],"y":[0]},"n":["0p52_1_0p48_0"],"t":15,"s":[0],"e":[0]},{"i":{"x":[0.52],"y":[0.96]},"o":{"x":[0.48],"y":[0.04]},"n":["0p52_0p96_0p48_0p04"],"t":32,"s":[0],"e":[-1.7]},{"i":{"x":[0.52],"y":[0.96]},"o":{"x":[0.48],"y":[0.04]},"n":["0p52_0p96_0p48_0p04"],"t":34,"s":[-1.7],"e":[0]},{"t":37}],"ix":10},"p":{"a":1,"k":[{"i":{"x":0.833,"y":0.833},"o":{"x":0.48,"y":0.48},"n":"0p833_0p833_0p48_0p48","t":0,"s":[300,415.038,0],"e":[300,415.038,0],"to":[0,0,0],"ti":[0,0,0]},{"i":{"x":0.52,"y":0.96},"o":{"x":0.48,"y":0.04},"n":"0p52_0p96_0p48_0p04","t":15,"s":[300,415.038,0],"e":[300,408.271,0],"to":[0,-1.12782037258148,0],"ti":[0,0,0]},{"i":{"x":0.52,"y":0.96},"o":{"x":0.48,"y":0.04},"n":"0p52_0p96_0p48_0p04","t":17,"s":[300,408.271,0],"e":[300,415.038,0],"to":[0,0,0],"ti":[0,-1.12782037258148,0]},{"i":{"x":0.52,"y":0.52},"o":{"x":0.48,"y":0.48},"n":"0p52_0p52_0p48_0p48","t":19,"s":[300,415.038,0],"e":[300,415.038,0],"to":[0,0,0],"ti":[0,0,0]},{"i":{"x":0.52,"y":0.96},"o":{"x":0.48,"y":0.04},"n":"0p52_0p96_0p48_0p04","t":25,"s":[300,415.038,0],"e":[300,408.271,0],"to":[0,-1.12782037258148,0],"ti":[0,0,0]},{"i":{"x":0.52,"y":0.96},"o":{"x":0.48,"y":0.04},"n":"0p52_0p96_0p48_0p04","t":27,"s":[300,408.271,0],"e":[300,415.038,0],"to":[0,0,0],"ti":[0,-1.12782037258148,0]},{"i":{"x":0.52,"y":0.52},"o":{"x":0.48,"y":0.48},"n":"0p52_0p52_0p48_0p48","t":29,"s":[300,415.038,0],"e":[300,415.038,0],"to":[0,0,0],"ti":[0,0,0]},{"i":{"x":0.52,"y":0.96},"o":{"x":0.48,"y":0.04},"n":"0p52_0p96_0p48_0p04","t":32,"s":[300,415.038,0],"e":[300,403.759,0],"to":[0,-1.87969970703125,0],"ti":[0,0,0]},{"i":{"x":0.52,"y":0.96},"o":{"x":0.48,"y":0.04},"n":"0p52_0p96_0p48_0p04","t":34,"s":[300,403.759,0],"e":[300,415.038,0],"to":[0,0,0],"ti":[0,-1.87969970703125,0]},{"t":37}],"ix":2},"a":{"a":0,"k":[256,153.5,0],"ix":1},"s":{"a":0,"k":[100,100,100],"ix":6}},"ao":0,"shapes":[{"ty":"gr","it":[{"ind":0,"ty":"sh","ix":1,"ks":{"a":0,"k":{"i":[[-19.218,-7.811],[0,0],[1.49,0.373],[2.62,4.376],[0,0],[0,2.524],[-1.344,2.245],[0,0],[-6.674,0],[0,0],[0,0]],"o":[[0,0],[-1.574,0],[-4.826,-1.209],[0,0],[-1.344,-2.245],[0,-2.524],[0,0],[3.428,-5.727],[0,0],[0,0],[-5.582,11.784]],"v":[[25.295,21.705],[-3.893,21.705],[-8.504,21.137],[-20.178,12.473],[-23.279,7.293],[-25.295,0],[-23.279,-7.292],[-20.178,-12.473],[-3.893,-21.705],[-3.893,-21.704],[10.652,-21.704]],"c":true},"ix":2},"nm":"Caminho 1","mn":"ADBE Vector Shape - Group","hd":false},{"ty":"fl","c":{"a":0,"k":[0.42680532418,0.634644871132,0.787914680032,1],"ix":4},"o":{"a":0,"k":100,"ix":5},"r":1,"nm":"Preenchimento 1","mn":"ADBE Vector Graphic - Fill","hd":false},{"ty":"tr","p":{"a":0,"k":[94.807,59.73],"ix":2},"a":{"a":0,"k":[0,0],"ix":1},"s":{"a":0,"k":[100,100],"ix":3},"r":{"a":0,"k":0,"ix":6},"o":{"a":0,"k":100,"ix":7},"sk":{"a":0,"k":0,"ix":4},"sa":{"a":0,"k":0,"ix":5},"nm":"Transformar"}],"nm":"Grupo 1","np":2,"cix":2,"ix":1,"mn":"ADBE Vector Group","hd":false},{"ty":"gr","it":[{"ind":0,"ty":"sh","ix":1,"ks":{"a":0,"k":{"i":[[-0.001,-0.001],[0,0],[1.491,0.374],[0,0],[-1.574,0],[0,0]],"o":[[0,0],[-1.576,0],[0,0],[1.49,0.373],[0,0],[0.001,0.001]],"v":[[16.902,0.285],[-12.288,0.285],[-16.902,-0.285],[-16.899,-0.285],[-12.288,0.284],[16.9,0.284]],"c":true},"ix":2},"nm":"Caminho 1","mn":"ADBE Vector Shape - Group","hd":false},{"ty":"fl","c":{"a":0,"k":[0.811836930817,0.833417166916,0.800270050647,1],"ix":4},"o":{"a":0,"k":100,"ix":5},"r":1,"nm":"Preenchimento 1","mn":"ADBE Vector Graphic - Fill","hd":false},{"ty":"tr","p":{"a":0,"k":[103.202,81.152],"ix":2},"a":{"a":0,"k":[0,0],"ix":1},"s":{"a":0,"k":[100,100],"ix":3},"r":{"a":0,"k":0,"ix":6},"o":{"a":0,"k":100,"ix":7},"sk":{"a":0,"k":0,"ix":4},"sa":{"a":0,"k":0,"ix":5},"nm":"Transformar"}],"nm":"Grupo 2","np":2,"cix":2,"ix":2,"mn":"ADBE Vector Group","hd":false},{"ty":"gr","it":[{"ind":0,"ty":"sh","ix":1,"ks":{"a":0,"k":{"i":[[-4.826,-1.209],[0,0],[2.619,4.374],[0,0],[0,2.524],[-1.344,-2.245],[0,0]],"o":[[0,0],[-4.825,-1.21],[0,0],[-1.344,-2.246],[0,2.524],[0,0],[2.62,4.376]],"v":[[8.395,10.568],[8.392,10.568],[-3.279,1.906],[-6.38,-3.275],[-8.395,-10.568],[-6.38,-3.276],[-3.279,1.905]],"c":true},"ix":2},"nm":"Caminho 1","mn":"ADBE Vector Shape - Group","hd":false},{"ty":"fl","c":{"a":0,"k":[0.909229652554,0.925172932943,0.90449960746,1],"ix":4},"o":{"a":0,"k":100,"ix":5},"r":1,"nm":"Preenchimento 1","mn":"ADBE Vector Graphic - Fill","hd":false},{"ty":"tr","p":{"a":0,"k":[77.907,70.299],"ix":2},"a":{"a":0,"k":[0,0],"ix":1},"s":{"a":0,"k":[100,100],"ix":3},"r":{"a":0,"k":0,"ix":6},"o":{"a":0,"k":100,"ix":7},"sk":{"a":0,"k":0,"ix":4},"sa":{"a":0,"k":0,"ix":5},"nm":"Transformar"}],"nm":"Grupo 3","np":2,"cix":2,"ix":3,"mn":"ADBE Vector Group","hd":false},{"ty":"gr","it":[{"ind":0,"ty":"sh","ix":1,"ks":{"a":0,"k":{"i":[[-4.144,0],[0,-4.145],[4.145,0],[0,4.144]],"o":[[4.145,0],[0,4.144],[-4.144,0],[0,-4.145]],"v":[[0,-7.504],[7.504,0],[0,7.504],[-7.504,0]],"c":true},"ix":2},"nm":"Caminho 1","mn":"ADBE Vector Shape - Group","hd":false},{"ty":"fl","c":{"a":0,"k":[0.457283708161,0.670155184877,0.81598887724,1],"ix":4},"o":{"a":0,"k":100,"ix":5},"r":1,"nm":"Preenchimento 1","mn":"ADBE Vector Graphic - Fill","hd":false},{"ty":"tr","p":{"a":0,"k":[436.12,281.137],"ix":2},"a":{"a":0,"k":[0,0],"ix":1},"s":{"a":0,"k":[100,100],"ix":3},"r":{"a":0,"k":0,"ix":6},"o":{"a":0,"k":100,"ix":7},"sk":{"a":0,"k":0,"ix":4},"sa":{"a":0,"k":0,"ix":5},"nm":"Transformar"}],"nm":"Grupo 4","np":2,"cix":2,"ix":4,"mn":"ADBE Vector Group","hd":false},{"ty":"gr","it":[{"ind":0,"ty":"sh","ix":1,"ks":{"a":0,"k":{"i":[[-14.284,0],[0,-14.283],[14.283,0],[0,14.284]],"o":[[14.283,0],[0,14.284],[-14.284,0],[0,-14.283]],"v":[[0,-25.863],[25.863,0],[0,25.863],[-25.863,0]],"c":true},"ix":2},"nm":"Caminho 1","mn":"ADBE Vector Shape - Group","hd":false},{"ty":"fl","c":{"a":0,"k":[0.193797736074,0.19626195571,0.235589016185,1],"ix":4},"o":{"a":0,"k":100,"ix":5},"r":1,"nm":"Preenchimento 1","mn":"ADBE Vector Graphic - Fill","hd":false},{"ty":"tr","p":{"a":0,"k":[436.12,281.137],"ix":2},"a":{"a":0,"k":[0,0],"ix":1},"s":{"a":0,"k":[100,100],"ix":3},"r":{"a":0,"k":0,"ix":6},"o":{"a":0,"k":100,"ix":7},"sk":{"a":0,"k":0,"ix":4},"sa":{"a":0,"k":0,"ix":5},"nm":"Transformar"}],"nm":"Grupo 5","np":2,"cix":2,"ix":5,"mn":"ADBE Vector Group","hd":false},{"ty":"gr","it":[{"ind":0,"ty":"sh","ix":1,"ks":{"a":0,"k":{"i":[[0,0],[0,0],[0,0],[0,0]],"o":[[0,0],[0,0],[0,0],[0,0]],"v":[[-13.367,-37.409],[13.367,-37.409],[13.367,37.409],[-13.367,37.409]],"c":true},"ix":2},"nm":"Caminho 1","mn":"ADBE Vector Shape - Group","hd":false},{"ty":"fl","c":{"a":0,"k":[0.457283708161,0.670155184877,0.81598887724,1],"ix":4},"o":{"a":0,"k":100,"ix":5},"r":1,"nm":"Preenchimento 1","mn":"ADBE Vector Graphic - Fill","hd":false},{"ty":"tr","p":{"a":0,"k":[436.117,225.446],"ix":2},"a":{"a":0,"k":[0,0],"ix":1},"s":{"a":0,"k":[100,100],"ix":3},"r":{"a":0,"k":0,"ix":6},"o":{"a":0,"k":100,"ix":7},"sk":{"a":0,"k":0,"ix":4},"sa":{"a":0,"k":0,"ix":5},"nm":"Transformar"}],"nm":"Grupo 6","np":2,"cix":2,"ix":6,"mn":"ADBE Vector Group","hd":false},{"ty":"gr","it":[{"ind":0,"ty":"sh","ix":1,"ks":{"a":0,"k":{"i":[[-4.144,0],[0,-4.145],[4.144,0],[0,4.144]],"o":[[4.144,0],[0,4.144],[-4.144,0],[0,-4.145]],"v":[[0,-7.504],[7.504,0],[0,7.504],[-7.504,0]],"c":true},"ix":2},"nm":"Caminho 1","mn":"ADBE Vector Shape - Group","hd":false},{"ty":"fl","c":{"a":0,"k":[0.457283708161,0.670155184877,0.81598887724,1],"ix":4},"o":{"a":0,"k":100,"ix":5},"r":1,"nm":"Preenchimento 1","mn":"ADBE Vector Graphic - Fill","hd":false},{"ty":"tr","p":{"a":0,"k":[75.879,281.137],"ix":2},"a":{"a":0,"k":[0,0],"ix":1},"s":{"a":0,"k":[100,100],"ix":3},"r":{"a":0,"k":0,"ix":6},"o":{"a":0,"k":100,"ix":7},"sk":{"a":0,"k":0,"ix":4},"sa":{"a":0,"k":0,"ix":5},"nm":"Transformar"}],"nm":"Grupo 7","np":2,"cix":2,"ix":7,"mn":"ADBE Vector Group","hd":false},{"ty":"gr","it":[{"ind":0,"ty":"sh","ix":1,"ks":{"a":0,"k":{"i":[[-14.284,0],[0,-14.283],[14.284,0],[0,14.284]],"o":[[14.284,0],[0,14.284],[-14.284,0],[0,-14.283]],"v":[[0,-25.863],[25.863,0],[0,25.863],[-25.863,0]],"c":true},"ix":2},"nm":"Caminho 1","mn":"ADBE Vector Shape - Group","hd":false},{"ty":"fl","c":{"a":0,"k":[0.193797736074,0.19626195571,0.235589016185,1],"ix":4},"o":{"a":0,"k":100,"ix":5},"r":1,"nm":"Preenchimento 1","mn":"ADBE Vector Graphic - Fill","hd":false},{"ty":"tr","p":{"a":0,"k":[75.879,281.137],"ix":2},"a":{"a":0,"k":[0,0],"ix":1},"s":{"a":0,"k":[100,100],"ix":3},"r":{"a":0,"k":0,"ix":6},"o":{"a":0,"k":100,"ix":7},"sk":{"a":0,"k":0,"ix":4},"sa":{"a":0,"k":0,"ix":5},"nm":"Transformar"}],"nm":"Grupo 8","np":2,"cix":2,"ix":8,"mn":"ADBE Vector Group","hd":false},{"ty":"gr","it":[{"ind":0,"ty":"sh","ix":1,"ks":{"a":0,"k":{"i":[[0,0],[0,0],[0,0],[0,0]],"o":[[0,0],[0,0],[0,0],[0,0]],"v":[[-13.368,-37.409],[13.368,-37.409],[13.368,37.409],[-13.368,37.409]],"c":true},"ix":2},"nm":"Caminho 1","mn":"ADBE Vector Shape - Group","hd":false},{"ty":"fl","c":{"a":0,"k":[0.457283708161,0.670155184877,0.81598887724,1],"ix":4},"o":{"a":0,"k":100,"ix":5},"r":1,"nm":"Preenchimento 1","mn":"ADBE Vector Graphic - Fill","hd":false},{"ty":"tr","p":{"a":0,"k":[75.878,225.446],"ix":2},"a":{"a":0,"k":[0,0],"ix":1},"s":{"a":0,"k":[100,100],"ix":3},"r":{"a":0,"k":0,"ix":6},"o":{"a":0,"k":100,"ix":7},"sk":{"a":0,"k":0,"ix":4},"sa":{"a":0,"k":0,"ix":5},"nm":"Transformar"}],"nm":"Grupo 9","np":2,"cix":2,"ix":9,"mn":"ADBE Vector Group","hd":false},{"ty":"gr","it":[{"ind":0,"ty":"sh","ix":1,"ks":{"a":0,"k":{"i":[[4.143,0],[0,0],[0,4.142],[-4.143,0],[0,0],[0,-4.142]],"o":[[0,0],[-4.143,0],[0,-4.142],[0,0],[4.143,0],[0,4.142]],"v":[[166.753,7.5],[-166.753,7.5],[-174.253,0],[-166.753,-7.5],[166.753,-7.5],[174.253,0]],"c":true},"ix":2},"nm":"Caminho 1","mn":"ADBE Vector Shape - Group","hd":false},{"ty":"fl","c":{"a":0,"k":[0.183871534759,0.281464281269,0.451556007535,1],"ix":4},"o":{"a":0,"k":100,"ix":5},"r":1,"nm":"Preenchimento 1","mn":"ADBE Vector Graphic - Fill","hd":false},{"ty":"tr","p":{"a":0,"k":[256,230.242],"ix":2},"a":{"a":0,"k":[0,0],"ix":1},"s":{"a":0,"k":[100,100],"ix":3},"r":{"a":0,"k":0,"ix":6},"o":{"a":0,"k":100,"ix":7},"sk":{"a":0,"k":0,"ix":4},"sa":{"a":0,"k":0,"ix":5},"nm":"Transformar"}],"nm":"Grupo 10","np":2,"cix":2,"ix":10,"mn":"ADBE Vector Group","hd":false},{"ty":"gr","it":[{"ind":0,"ty":"sh","ix":1,"ks":{"a":0,"k":{"i":[[6.674,0],[0,0],[3.428,5.726],[0,0],[-2.688,4.491],[0,0],[-6.674,0],[0,0],[-3.428,-5.727],[0,0],[2.688,-4.491],[0,0]],"o":[[0,0],[-6.674,0],[0,0],[-2.688,-4.49],[0,0],[3.428,-5.726],[0,0],[6.674,0],[0,0],[2.688,4.49],[0,0],[-3.428,5.726]],"v":[[36.746,21.706],[-36.745,21.706],[-53.031,12.474],[-56.132,7.294],[-56.132,-7.292],[-53.031,-12.474],[-36.745,-21.706],[36.746,-21.706],[53.031,-12.474],[56.132,-7.292],[56.132,7.294],[53.031,12.474]],"c":true},"ix":2},"nm":"Caminho 1","mn":"ADBE Vector Shape - Group","hd":false},{"ty":"fl","c":{"a":0,"k":[0.457283708161,0.670155184877,0.81598887724,1],"ix":4},"o":{"a":0,"k":100,"ix":5},"r":1,"nm":"Preenchimento 1","mn":"ADBE Vector Graphic - Fill","hd":false},{"ty":"tr","p":{"a":0,"k":[127.659,59.729],"ix":2},"a":{"a":0,"k":[0,0],"ix":1},"s":{"a":0,"k":[100,100],"ix":3},"r":{"a":0,"k":0,"ix":6},"o":{"a":0,"k":100,"ix":7},"sk":{"a":0,"k":0,"ix":4},"sa":{"a":0,"k":0,"ix":5},"nm":"Transformar"}],"nm":"Grupo 11","np":2,"cix":2,"ix":11,"mn":"ADBE Vector Group","hd":false},{"ty":"gr","it":[{"ind":0,"ty":"sh","ix":1,"ks":{"a":0,"k":{"i":[[5.951,0],[0,0],[0,-5.951],[0,0],[4.72,0],[0,0],[0,4.72],[0,0],[5.951,0],[0,0],[0,-5.951],[0,0],[-16.825,0],[0,0],[0,16.824],[0,0]],"o":[[0,0],[-5.951,0],[0,0],[0,4.72],[0,0],[-4.72,0],[0,0],[0,-5.951],[0,0],[-5.951,0],[0,0],[0,16.825],[0,0],[16.825,0],[0,0],[0,-5.951]],"v":[[245.225,-35.457],[218.423,-35.457],[207.648,-24.682],[207.648,46.162],[199.101,54.709],[-199.101,54.709],[-207.648,46.162],[-207.648,-82.854],[-218.423,-93.629],[-245.225,-93.629],[-256,-82.854],[-256,63.164],[-225.535,93.629],[225.535,93.629],[256,63.164],[256,-24.682]],"c":true},"ix":2},"nm":"Caminho 1","mn":"ADBE Vector Shape - Group","hd":false},{"ty":"mm","mm":4,"nm":"Mesclar caminhos 1","mn":"ADBE Vector Filter - Merge","hd":false},{"ty":"fl","c":{"a":0,"k":[0.183871534759,0.281464281269,0.451556007535,1],"ix":4},"o":{"a":0,"k":100,"ix":5},"r":1,"nm":"Preenchimento 1","mn":"ADBE Vector Graphic - Fill","hd":false},{"ty":"tr","p":{"a":0,"k":[256,94.411],"ix":2},"a":{"a":0,"k":[0,0],"ix":1},"s":{"a":0,"k":[100,100],"ix":3},"r":{"a":0,"k":0,"ix":6},"o":{"a":0,"k":100,"ix":7},"sk":{"a":0,"k":0,"ix":4},"sa":{"a":0,"k":0,"ix":5},"nm":"Transformar"}],"nm":"Grupo 12","np":3,"cix":2,"ix":12,"mn":"ADBE Vector Group","hd":false},{"ty":"gr","it":[{"ind":0,"ty":"sh","ix":1,"ks":{"a":0,"k":{"i":[[0.598,0],[0.846,3.414],[0,0],[-6.36,8.131],[-10.323,0],[0,0],[-5.35,-12.003],[0,0],[0,-16.929],[0,0],[4.143,0],[0,4.142],[0,0],[6.031,13.529],[0,0],[7.227,0],[0,0],[3.497,-4.472],[-1.367,-5.51],[0,0],[4.021,-0.997]],"o":[[-3.366,0],[0,0],[-2.486,-10.019],[6.36,-8.131],[0,0],[13.142,0],[0,0],[6.893,15.463],[0,0],[0,4.142],[-4.143,0],[0,0],[0,-14.811],[0,0],[-2.942,-6.601],[0,0],[-5.677,0],[-3.498,4.472],[0,0],[0.997,4.02],[-0.606,0.151]],"v":[[-56.466,62.118],[-63.739,56.422],[-82.889,-20.764],[-76.793,-49.324],[-50.541,-62.118],[34.007,-62.118],[64.448,-42.358],[74.987,-18.717],[85.375,30.1],[85.375,54.616],[77.875,62.116],[70.375,54.616],[70.375,30.1],[61.286,-12.609],[50.747,-36.251],[34.007,-47.118],[-50.541,-47.118],[-64.977,-40.081],[-68.33,-24.375],[-49.18,52.81],[-54.654,61.895]],"c":true},"ix":2},"nm":"Caminho 1","mn":"ADBE Vector Shape - Group","hd":false},{"ty":"fl","c":{"a":0,"k":[0.457283708161,0.670155184877,0.81598887724,1],"ix":4},"o":{"a":0,"k":100,"ix":5},"r":1,"nm":"Preenchimento 1","mn":"ADBE Vector Graphic - Fill","hd":false},{"ty":"tr","p":{"a":0,"k":[326.621,102.061],"ix":2},"a":{"a":0,"k":[0,0],"ix":1},"s":{"a":0,"k":[100,100],"ix":3},"r":{"a":0,"k":0,"ix":6},"o":{"a":0,"k":100,"ix":7},"sk":{"a":0,"k":0,"ix":4},"sa":{"a":0,"k":0,"ix":5},"nm":"Transformar"}],"nm":"Grupo 13","np":2,"cix":2,"ix":13,"mn":"ADBE Vector Group","hd":false},{"ty":"gr","it":[{"ind":0,"ty":"sh","ix":1,"ks":{"a":0,"k":{"i":[[0.553,0],[0.795,3.476],[0,0],[0,0.551],[-3.478,0.795],[-0.552,0],[-0.795,-3.477],[0,0],[0,-0.551],[3.478,-0.795]],"o":[[-3.42,0],[0,0],[-0.128,-0.56],[-0.003,-3.423],[0.561,-0.128],[3.423,0],[0,0],[0.128,0.56],[0.004,3.424],[-0.562,0.129]],"v":[[12.707,63.104],[5.402,57.274],[-20.027,-53.932],[-20.216,-55.603],[-14.386,-62.915],[-12.711,-63.104],[-5.403,-57.275],[20.026,53.93],[20.216,55.6],[14.385,62.913]],"c":true},"ix":2},"nm":"Caminho 1","mn":"ADBE Vector Shape - Group","hd":false},{"ty":"fl","c":{"a":0,"k":[0.37923709645,0.546342617858,0.701075954063,1],"ix":4},"o":{"a":0,"k":100,"ix":5},"r":1,"nm":"Preenchimento 1","mn":"ADBE Vector Graphic - Fill","hd":false},{"ty":"tr","p":{"a":0,"k":[327.063,104.592],"ix":2},"a":{"a":0,"k":[0,0],"ix":1},"s":{"a":0,"k":[100,100],"ix":3},"r":{"a":0,"k":0,"ix":6},"o":{"a":0,"k":100,"ix":7},"sk":{"a":0,"k":0,"ix":4},"sa":{"a":0,"k":0,"ix":5},"nm":"Transformar"}],"nm":"Grupo 14","np":2,"cix":2,"ix":14,"mn":"ADBE Vector Group","hd":false},{"ty":"gr","it":[{"ind":0,"ty":"sh","ix":1,"ks":{"a":0,"k":{"i":[[0.553,0],[0.795,3.476],[0,0],[-4.038,0.923],[-0.923,-4.038],[0,0],[4.038,-0.923]],"o":[[-3.42,0],[0,0],[-0.923,-4.038],[4.04,-0.919],[0,0],[0.923,4.038],[-0.562,0.129]],"v":[[12.708,63.469],[5.403,57.639],[-20.026,-53.567],[-14.386,-62.55],[-5.403,-56.91],[20.026,54.295],[14.386,63.278]],"c":true},"ix":2},"nm":"Caminho 1","mn":"ADBE Vector Shape - Group","hd":false},{"ty":"fl","c":{"a":0,"k":[0.457283708161,0.670155184877,0.81598887724,1],"ix":4},"o":{"a":0,"k":100,"ix":5},"r":1,"nm":"Preenchimento 1","mn":"ADBE Vector Graphic - Fill","hd":false},{"ty":"tr","p":{"a":0,"k":[327.063,104.227],"ix":2},"a":{"a":0,"k":[0,0],"ix":1},"s":{"a":0,"k":[100,100],"ix":3},"r":{"a":0,"k":0,"ix":6},"o":{"a":0,"k":100,"ix":7},"sk":{"a":0,"k":0,"ix":4},"sa":{"a":0,"k":0,"ix":5},"nm":"Transformar"}],"nm":"Grupo 15","np":2,"cix":2,"ix":15,"mn":"ADBE Vector Group","hd":false},{"ty":"gr","it":[{"ind":0,"ty":"sh","ix":1,"ks":{"a":0,"k":{"i":[[0,0],[0,0],[0,0],[0,0],[0,0]],"o":[[0,0],[0,0],[0,0],[0,0],[0,0]],"v":[[13.765,34.125],[-13.765,34.125],[-13.765,-34.125],[13.762,-34.125],[13.762,34.125]],"c":false},"ix":2},"nm":"Caminho 1","mn":"ADBE Vector Shape - Group","hd":false},{"ty":"fl","c":{"a":0,"k":[0.776326198204,0.772978419884,0.742714975394,1],"ix":4},"o":{"a":0,"k":100,"ix":5},"r":1,"nm":"Preenchimento 1","mn":"ADBE Vector Graphic - Fill","hd":false},{"ty":"tr","p":{"a":0,"k":[449.885,114.992],"ix":2},"a":{"a":0,"k":[0,0],"ix":1},"s":{"a":0,"k":[100,100],"ix":3},"r":{"a":0,"k":0,"ix":6},"o":{"a":0,"k":100,"ix":7},"sk":{"a":0,"k":0,"ix":4},"sa":{"a":0,"k":0,"ix":5},"nm":"Transformar"}],"nm":"Grupo 16","np":2,"cix":2,"ix":16,"mn":"ADBE Vector Group","hd":false},{"ty":"gr","it":[{"ind":0,"ty":"sh","ix":1,"ks":{"a":0,"k":{"i":[[0,0],[0,0],[0,0],[0,0]],"o":[[0,0],[0,0],[0,0],[0,0]],"v":[[-207.65,-34.125],[207.65,-34.125],[207.65,34.125],[-207.65,34.125]],"c":true},"ix":2},"nm":"Caminho 1","mn":"ADBE Vector Shape - Group","hd":false},{"ty":"fl","c":{"a":0,"k":[0.890922456629,0.892857929305,0.872846655752,1],"ix":4},"o":{"a":0,"k":100,"ix":5},"r":1,"nm":"Preenchimento 1","mn":"ADBE Vector Graphic - Fill","hd":false},{"ty":"tr","p":{"a":0,"k":[256,114.992],"ix":2},"a":{"a":0,"k":[0,0],"ix":1},"s":{"a":0,"k":[100,100],"ix":3},"r":{"a":0,"k":0,"ix":6},"o":{"a":0,"k":100,"ix":7},"sk":{"a":0,"k":0,"ix":4},"sa":{"a":0,"k":0,"ix":5},"nm":"Transformar"}],"nm":"Grupo 17","np":2,"cix":2,"ix":17,"mn":"ADBE Vector Group","hd":false}],"ip":0,"op":100,"st":0,"bm":0},{"ddd":0,"ind":3,"ty":4,"nm":"bed2 contornos","sr":1,"ks":{"o":{"a":0,"k":100,"ix":11},"r":{"a":0,"k":0,"ix":10},"p":{"a":1,"k":[{"i":{"x":0.833,"y":0.833},"o":{"x":0.167,"y":0.167},"n":"0p833_0p833_0p167_0p167","t":50,"s":[706,150,0],"e":[-176,150,0],"to":[-147,0,0],"ti":[147,0,0]},{"t":59}],"ix":2},"a":{"a":0,"k":[171,171,0],"ix":1},"s":{"a":0,"k":[33.918,33.918,100],"ix":6}},"ao":0,"shapes":[{"ty":"gr","it":[{"ind":0,"ty":"sh","ix":1,"ks":{"a":0,"k":{"i":[[0,3.782],[0,0],[4.769,0],[0,0],[0,-4.769],[0,0],[3.785,0],[0,0],[0,-4.769],[0,0],[-4.769,0],[0,0],[0,-3.785],[0,0],[-4.769,0],[0,0],[0,4.769],[0,0],[-3.785,0],[0,0],[0,4.769],[0,0],[4.769,0],[0,0]],"o":[[0,0],[0,-4.769],[0,0],[-4.766,0],[0,0],[0,3.782],[0,0],[-4.767,0],[0,0],[0,4.769],[0,0],[3.785,0],[0,0],[0,4.766],[0,0],[4.769,0],[0,0],[0,-3.782],[0,0],[4.769,0],[0,0],[0,-4.77],[0,0],[-3.785,0]],"v":[[34.923,-41.776],[34.923,-93.725],[26.29,-102.358],[-26.291,-102.358],[-34.924,-93.725],[-34.924,-41.776],[-41.776,-34.924],[-93.725,-34.924],[-102.358,-26.291],[-102.358,26.29],[-93.725,34.923],[-41.776,34.923],[-34.924,41.775],[-34.924,93.725],[-26.291,102.358],[26.29,102.358],[34.923,93.725],[34.923,41.775],[41.775,34.923],[93.725,34.923],[102.358,26.29],[102.358,-26.293],[93.725,-34.927],[41.775,-34.927]],"c":true},"ix":2},"nm":"Caminho 1","mn":"ADBE Vector Shape - Group","hd":false},{"ty":"fl","c":{"a":0,"k":[0.999999820485,0.999999760646,0.999999820485,1],"ix":4},"o":{"a":0,"k":100,"ix":5},"r":1,"nm":"Preenchimento 1","mn":"ADBE Vector Graphic - Fill","hd":false},{"ty":"tr","p":{"a":0,"k":[170.89,171.111],"ix":2},"a":{"a":0,"k":[0,0],"ix":1},"s":{"a":0,"k":[100,100],"ix":3},"r":{"a":0,"k":0,"ix":6},"o":{"a":0,"k":100,"ix":7},"sk":{"a":0,"k":0,"ix":4},"sa":{"a":0,"k":0,"ix":5},"nm":"Transformar"}],"nm":"Grupo 1","np":2,"cix":2,"ix":1,"mn":"ADBE Vector Group","hd":false},{"ty":"gr","it":[{"ind":0,"ty":"sh","ix":1,"ks":{"a":0,"k":{"i":[[-94.379,0],[0,-94.379],[94.38,0],[0,94.38]],"o":[[94.38,0],[0,94.38],[-94.379,0],[0,-94.379]],"v":[[-0.001,-170.89],[170.889,-0.001],[-0.001,170.89],[-170.89,-0.001]],"c":true},"ix":2},"nm":"Caminho 1","mn":"ADBE Vector Shape - Group","hd":false},{"ty":"mm","mm":4,"nm":"Mesclar caminhos 1","mn":"ADBE Vector Filter - Merge","hd":false},{"ty":"fl","c":{"a":0,"k":[0.980422375249,0.096572554345,0.108960656559,1],"ix":4},"o":{"a":0,"k":100,"ix":5},"r":1,"nm":"Preenchimento 1","mn":"ADBE Vector Graphic - Fill","hd":false},{"ty":"tr","p":{"a":0,"k":[170.889,171.11],"ix":2},"a":{"a":0,"k":[0,0],"ix":1},"s":{"a":0,"k":[100,100],"ix":3},"r":{"a":0,"k":0,"ix":6},"o":{"a":0,"k":100,"ix":7},"sk":{"a":0,"k":0,"ix":4},"sa":{"a":0,"k":0,"ix":5},"nm":"Transformar"}],"nm":"Grupo 2","np":3,"cix":2,"ix":2,"mn":"ADBE Vector Group","hd":false}],"ip":47,"op":65,"st":0,"bm":0},{"ddd":0,"ind":5,"ty":4,"nm":"bed3 contornos 2","sr":1,"ks":{"o":{"a":0,"k":100,"ix":11},"r":{"a":0,"k":0,"ix":10},"p":{"a":1,"k":[{"i":{"x":0.833,"y":0.833},"o":{"x":0.167,"y":0.167},"n":"0p833_0p833_0p167_0p167","t":25,"s":[855.654,189.414,0],"e":[-289.083,189.414,0],"to":[-190.789474487305,0,0],"ti":[190.789474487305,0,0]},{"t":38}],"ix":2},"a":{"a":0,"k":[239,122.5,0],"ix":1},"s":{"a":0,"k":[96.706,96.706,100],"ix":6}},"ao":0,"shapes":[{"ty":"gr","it":[{"ind":0,"ty":"sh","ix":1,"ks":{"a":0,"k":{"i":[[3.068,0],[0,0],[0,3.067],[-3.067,0],[0,0],[0,-3.066]],"o":[[0,0],[-3.067,0],[0,-3.066],[0,0],[3.067,0],[0,3.067]],"v":[[16.644,5.549],[-16.645,5.549],[-22.193,0.001],[-16.645,-5.549],[16.644,-5.549],[22.193,0.001]],"c":true},"ix":2},"nm":"Caminho 1","mn":"ADBE Vector Shape - Group","hd":false},{"ty":"fl","c":{"a":0,"k":[0.193797736074,0.19626195571,0.235589016185,1],"ix":4},"o":{"a":0,"k":100,"ix":5},"r":1,"nm":"Preenchimento 1","mn":"ADBE Vector Graphic - Fill","hd":false},{"ty":"tr","p":{"a":0,"k":[332.9,195.065],"ix":2},"a":{"a":0,"k":[0,0],"ix":1},"s":{"a":0,"k":[100,100],"ix":3},"r":{"a":0,"k":0,"ix":6},"o":{"a":0,"k":100,"ix":7},"sk":{"a":0,"k":0,"ix":4},"sa":{"a":0,"k":0,"ix":5},"nm":"Transformar"}],"nm":"Grupo 1","np":2,"cix":2,"ix":1,"mn":"ADBE Vector Group","hd":false},{"ty":"gr","it":[{"ind":0,"ty":"sh","ix":1,"ks":{"a":0,"k":{"i":[[3.065,0],[0,0],[0,3.067],[-3.067,0],[0,0],[0,-3.066]],"o":[[0,0],[-3.067,0],[0,-3.066],[0,0],[3.066,0],[0,3.067]],"v":[[38.839,5.549],[-38.839,5.549],[-44.387,0.001],[-38.839,-5.549],[38.839,-5.549],[44.387,0.001]],"c":true},"ix":2},"nm":"Caminho 1","mn":"ADBE Vector Shape - Group","hd":false},{"ty":"fl","c":{"a":0,"k":[0.193797736074,0.19626195571,0.235589016185,1],"ix":4},"o":{"a":0,"k":100,"ix":5},"r":1,"nm":"Preenchimento 1","mn":"ADBE Vector Graphic - Fill","hd":false},{"ty":"tr","p":{"a":0,"k":[255.224,195.065],"ix":2},"a":{"a":0,"k":[0,0],"ix":1},"s":{"a":0,"k":[100,100],"ix":3},"r":{"a":0,"k":0,"ix":6},"o":{"a":0,"k":100,"ix":7},"sk":{"a":0,"k":0,"ix":4},"sa":{"a":0,"k":0,"ix":5},"nm":"Transformar"}],"nm":"Grupo 2","np":2,"cix":2,"ix":2,"mn":"ADBE Vector Group","hd":false},{"ty":"gr","it":[{"ind":0,"ty":"sh","ix":1,"ks":{"a":0,"k":{"i":[[3.066,0],[0,0],[0,3.066],[-3.067,0],[0,0],[0,-3.067]],"o":[[0,0],[-3.067,0],[0,-3.067],[0,0],[3.066,0],[0,3.066]],"v":[[49.936,5.548],[-49.934,5.548],[-55.484,0],[-49.934,-5.548],[49.936,-5.548],[55.484,0]],"c":true},"ix":2},"nm":"Caminho 1","mn":"ADBE Vector Shape - Group","hd":false},{"ty":"fl","c":{"a":0,"k":[0.193797736074,0.19626195571,0.235589016185,1],"ix":4},"o":{"a":0,"k":100,"ix":5},"r":1,"nm":"Preenchimento 1","mn":"ADBE Vector Graphic - Fill","hd":false},{"ty":"tr","p":{"a":0,"k":[177.546,61.906],"ix":2},"a":{"a":0,"k":[0,0],"ix":1},"s":{"a":0,"k":[100,100],"ix":3},"r":{"a":0,"k":0,"ix":6},"o":{"a":0,"k":100,"ix":7},"sk":{"a":0,"k":0,"ix":4},"sa":{"a":0,"k":0,"ix":5},"nm":"Transformar"}],"nm":"Grupo 3","np":2,"cix":2,"ix":3,"mn":"ADBE Vector Group","hd":false},{"ty":"gr","it":[{"ind":0,"ty":"sh","ix":1,"ks":{"a":0,"k":{"i":[[3.067,0],[0,0],[0,3.067],[-3.067,0],[0,0],[0,-3.066]],"o":[[0,0],[-3.067,0],[0,-3.066],[0,0],[3.067,0],[0,3.067]],"v":[[16.645,5.548],[-16.646,5.548],[-22.194,0],[-16.646,-5.548],[16.645,-5.548],[22.194,0]],"c":true},"ix":2},"nm":"Caminho 1","mn":"ADBE Vector Shape - Group","hd":false},{"ty":"fl","c":{"a":0,"k":[0.193797736074,0.19626195571,0.235589016185,1],"ix":4},"o":{"a":0,"k":100,"ix":5},"r":1,"nm":"Preenchimento 1","mn":"ADBE Vector Graphic - Fill","hd":false},{"ty":"tr","p":{"a":0,"k":[88.774,128.485],"ix":2},"a":{"a":0,"k":[0,0],"ix":1},"s":{"a":0,"k":[100,100],"ix":3},"r":{"a":0,"k":0,"ix":6},"o":{"a":0,"k":100,"ix":7},"sk":{"a":0,"k":0,"ix":4},"sa":{"a":0,"k":0,"ix":5},"nm":"Transformar"}],"nm":"Grupo 4","np":2,"cix":2,"ix":4,"mn":"ADBE Vector Group","hd":false},{"ty":"gr","it":[{"ind":0,"ty":"sh","ix":1,"ks":{"a":0,"k":{"i":[[3.065,0],[0,0],[0,3.067],[-3.066,0],[0,0],[0,-3.066]],"o":[[0,0],[-3.066,0],[0,-3.066],[0,0],[3.067,0],[0,3.067]],"v":[[77.679,5.548],[-77.676,5.548],[-83.225,0],[-77.676,-5.548],[77.677,-5.548],[83.225,0]],"c":true},"ix":2},"nm":"Caminho 1","mn":"ADBE Vector Shape - Group","hd":false},{"ty":"fl","c":{"a":0,"k":[0.193797736074,0.19626195571,0.235589016185,1],"ix":4},"o":{"a":0,"k":100,"ix":5},"r":1,"nm":"Preenchimento 1","mn":"ADBE Vector Graphic - Fill","hd":false},{"ty":"tr","p":{"a":0,"k":[216.384,128.485],"ix":2},"a":{"a":0,"k":[0,0],"ix":1},"s":{"a":0,"k":[100,100],"ix":3},"r":{"a":0,"k":0,"ix":6},"o":{"a":0,"k":100,"ix":7},"sk":{"a":0,"k":0,"ix":4},"sa":{"a":0,"k":0,"ix":5},"nm":"Transformar"}],"nm":"Grupo 5","np":2,"cix":2,"ix":5,"mn":"ADBE Vector Group","hd":false},{"ty":"gr","it":[{"ind":0,"ty":"sh","ix":1,"ks":{"a":0,"k":{"i":[[3.066,0],[0,0],[0,3.066],[-3.067,0],[0,0],[0,-3.066]],"o":[[0,0],[-3.067,0],[0,-3.066],[0,0],[3.066,0],[0,3.066]],"v":[[155.352,5.549],[-155.354,5.549],[-160.901,0],[-155.354,-5.549],[155.353,-5.549],[160.902,0]],"c":true},"ix":2},"nm":"Caminho 1","mn":"ADBE Vector Shape - Group","hd":false},{"ty":"fl","c":{"a":0,"k":[0.193797736074,0.19626195571,0.235589016185,1],"ix":4},"o":{"a":0,"k":100,"ix":5},"r":1,"nm":"Preenchimento 1","mn":"ADBE Vector Graphic - Fill","hd":false},{"ty":"tr","p":{"a":0,"k":[316.255,239.451],"ix":2},"a":{"a":0,"k":[0,0],"ix":1},"s":{"a":0,"k":[100,100],"ix":3},"r":{"a":0,"k":0,"ix":6},"o":{"a":0,"k":100,"ix":7},"sk":{"a":0,"k":0,"ix":4},"sa":{"a":0,"k":0,"ix":5},"nm":"Transformar"}],"nm":"Grupo 6","np":2,"cix":2,"ix":6,"mn":"ADBE Vector Group","hd":false},{"ty":"gr","it":[{"ind":0,"ty":"sh","ix":1,"ks":{"a":0,"k":{"i":[[3.066,0],[0,0],[0,3.066],[-3.068,0],[0,0],[0,-3.067]],"o":[[0,0],[-3.067,0],[0,-3.067],[0,0],[3.066,0],[0,3.066]],"v":[[61.033,5.548],[-61.03,5.548],[-66.58,-0.001],[-61.03,-5.548],[61.033,-5.548],[66.579,-0.001]],"c":true},"ix":2},"nm":"Caminho 1","mn":"ADBE Vector Shape - Group","hd":false},{"ty":"mm","mm":4,"nm":"Mesclar caminhos 1","mn":"ADBE Vector Filter - Merge","hd":false},{"ty":"fl","c":{"a":0,"k":[0.193797736074,0.19626195571,0.235589016185,1],"ix":4},"o":{"a":0,"k":100,"ix":5},"r":1,"nm":"Preenchimento 1","mn":"ADBE Vector Graphic - Fill","hd":false},{"ty":"tr","p":{"a":0,"k":[66.579,6.423],"ix":2},"a":{"a":0,"k":[0,0],"ix":1},"s":{"a":0,"k":[100,100],"ix":3},"r":{"a":0,"k":0,"ix":6},"o":{"a":0,"k":100,"ix":7},"sk":{"a":0,"k":0,"ix":4},"sa":{"a":0,"k":0,"ix":5},"nm":"Transformar"}],"nm":"Grupo 7","np":3,"cix":2,"ix":7,"mn":"ADBE Vector Group","hd":false}],"ip":25,"op":40,"st":25,"bm":0},{"ddd":0,"ind":7,"ty":4,"nm":"bed3 contornos","sr":1,"ks":{"o":{"a":0,"k":100,"ix":11},"r":{"a":0,"k":0,"ix":10},"p":{"a":1,"k":[{"i":{"x":0.833,"y":0.833},"o":{"x":0.167,"y":0.167},"n":"0p833_0p833_0p167_0p167","t":0,"s":[855.654,189.414,0],"e":[-289.083,189.414,0],"to":[-190.789474487305,0,0],"ti":[190.789474487305,0,0]},{"t":13}],"ix":2},"a":{"a":0,"k":[239,122.5,0],"ix":1},"s":{"a":0,"k":[96.706,96.706,100],"ix":6}},"ao":0,"shapes":[{"ty":"gr","it":[{"ind":0,"ty":"sh","ix":1,"ks":{"a":0,"k":{"i":[[3.068,0],[0,0],[0,3.067],[-3.067,0],[0,0],[0,-3.066]],"o":[[0,0],[-3.067,0],[0,-3.066],[0,0],[3.067,0],[0,3.067]],"v":[[16.644,5.549],[-16.645,5.549],[-22.193,0.001],[-16.645,-5.549],[16.644,-5.549],[22.193,0.001]],"c":true},"ix":2},"nm":"Caminho 1","mn":"ADBE Vector Shape - Group","hd":false},{"ty":"fl","c":{"a":0,"k":[0.193797736074,0.19626195571,0.235589016185,1],"ix":4},"o":{"a":0,"k":100,"ix":5},"r":1,"nm":"Preenchimento 1","mn":"ADBE Vector Graphic - Fill","hd":false},{"ty":"tr","p":{"a":0,"k":[332.9,195.065],"ix":2},"a":{"a":0,"k":[0,0],"ix":1},"s":{"a":0,"k":[100,100],"ix":3},"r":{"a":0,"k":0,"ix":6},"o":{"a":0,"k":100,"ix":7},"sk":{"a":0,"k":0,"ix":4},"sa":{"a":0,"k":0,"ix":5},"nm":"Transformar"}],"nm":"Grupo 1","np":2,"cix":2,"ix":1,"mn":"ADBE Vector Group","hd":false},{"ty":"gr","it":[{"ind":0,"ty":"sh","ix":1,"ks":{"a":0,"k":{"i":[[3.065,0],[0,0],[0,3.067],[-3.067,0],[0,0],[0,-3.066]],"o":[[0,0],[-3.067,0],[0,-3.066],[0,0],[3.066,0],[0,3.067]],"v":[[38.839,5.549],[-38.839,5.549],[-44.387,0.001],[-38.839,-5.549],[38.839,-5.549],[44.387,0.001]],"c":true},"ix":2},"nm":"Caminho 1","mn":"ADBE Vector Shape - Group","hd":false},{"ty":"fl","c":{"a":0,"k":[0.193797736074,0.19626195571,0.235589016185,1],"ix":4},"o":{"a":0,"k":100,"ix":5},"r":1,"nm":"Preenchimento 1","mn":"ADBE Vector Graphic - Fill","hd":false},{"ty":"tr","p":{"a":0,"k":[255.224,195.065],"ix":2},"a":{"a":0,"k":[0,0],"ix":1},"s":{"a":0,"k":[100,100],"ix":3},"r":{"a":0,"k":0,"ix":6},"o":{"a":0,"k":100,"ix":7},"sk":{"a":0,"k":0,"ix":4},"sa":{"a":0,"k":0,"ix":5},"nm":"Transformar"}],"nm":"Grupo 2","np":2,"cix":2,"ix":2,"mn":"ADBE Vector Group","hd":false},{"ty":"gr","it":[{"ind":0,"ty":"sh","ix":1,"ks":{"a":0,"k":{"i":[[3.066,0],[0,0],[0,3.066],[-3.067,0],[0,0],[0,-3.067]],"o":[[0,0],[-3.067,0],[0,-3.067],[0,0],[3.066,0],[0,3.066]],"v":[[49.936,5.548],[-49.934,5.548],[-55.484,0],[-49.934,-5.548],[49.936,-5.548],[55.484,0]],"c":true},"ix":2},"nm":"Caminho 1","mn":"ADBE Vector Shape - Group","hd":false},{"ty":"fl","c":{"a":0,"k":[0.193797736074,0.19626195571,0.235589016185,1],"ix":4},"o":{"a":0,"k":100,"ix":5},"r":1,"nm":"Preenchimento 1","mn":"ADBE Vector Graphic - Fill","hd":false},{"ty":"tr","p":{"a":0,"k":[177.546,61.906],"ix":2},"a":{"a":0,"k":[0,0],"ix":1},"s":{"a":0,"k":[100,100],"ix":3},"r":{"a":0,"k":0,"ix":6},"o":{"a":0,"k":100,"ix":7},"sk":{"a":0,"k":0,"ix":4},"sa":{"a":0,"k":0,"ix":5},"nm":"Transformar"}],"nm":"Grupo 3","np":2,"cix":2,"ix":3,"mn":"ADBE Vector Group","hd":false},{"ty":"gr","it":[{"ind":0,"ty":"sh","ix":1,"ks":{"a":0,"k":{"i":[[3.067,0],[0,0],[0,3.067],[-3.067,0],[0,0],[0,-3.066]],"o":[[0,0],[-3.067,0],[0,-3.066],[0,0],[3.067,0],[0,3.067]],"v":[[16.645,5.548],[-16.646,5.548],[-22.194,0],[-16.646,-5.548],[16.645,-5.548],[22.194,0]],"c":true},"ix":2},"nm":"Caminho 1","mn":"ADBE Vector Shape - Group","hd":false},{"ty":"fl","c":{"a":0,"k":[0.193797736074,0.19626195571,0.235589016185,1],"ix":4},"o":{"a":0,"k":100,"ix":5},"r":1,"nm":"Preenchimento 1","mn":"ADBE Vector Graphic - Fill","hd":false},{"ty":"tr","p":{"a":0,"k":[88.774,128.485],"ix":2},"a":{"a":0,"k":[0,0],"ix":1},"s":{"a":0,"k":[100,100],"ix":3},"r":{"a":0,"k":0,"ix":6},"o":{"a":0,"k":100,"ix":7},"sk":{"a":0,"k":0,"ix":4},"sa":{"a":0,"k":0,"ix":5},"nm":"Transformar"}],"nm":"Grupo 4","np":2,"cix":2,"ix":4,"mn":"ADBE Vector Group","hd":false},{"ty":"gr","it":[{"ind":0,"ty":"sh","ix":1,"ks":{"a":0,"k":{"i":[[3.065,0],[0,0],[0,3.067],[-3.066,0],[0,0],[0,-3.066]],"o":[[0,0],[-3.066,0],[0,-3.066],[0,0],[3.067,0],[0,3.067]],"v":[[77.679,5.548],[-77.676,5.548],[-83.225,0],[-77.676,-5.548],[77.677,-5.548],[83.225,0]],"c":true},"ix":2},"nm":"Caminho 1","mn":"ADBE Vector Shape - Group","hd":false},{"ty":"fl","c":{"a":0,"k":[0.193797736074,0.19626195571,0.235589016185,1],"ix":4},"o":{"a":0,"k":100,"ix":5},"r":1,"nm":"Preenchimento 1","mn":"ADBE Vector Graphic - Fill","hd":false},{"ty":"tr","p":{"a":0,"k":[216.384,128.485],"ix":2},"a":{"a":0,"k":[0,0],"ix":1},"s":{"a":0,"k":[100,100],"ix":3},"r":{"a":0,"k":0,"ix":6},"o":{"a":0,"k":100,"ix":7},"sk":{"a":0,"k":0,"ix":4},"sa":{"a":0,"k":0,"ix":5},"nm":"Transformar"}],"nm":"Grupo 5","np":2,"cix":2,"ix":5,"mn":"ADBE Vector Group","hd":false},{"ty":"gr","it":[{"ind":0,"ty":"sh","ix":1,"ks":{"a":0,"k":{"i":[[3.066,0],[0,0],[0,3.066],[-3.067,0],[0,0],[0,-3.066]],"o":[[0,0],[-3.067,0],[0,-3.066],[0,0],[3.066,0],[0,3.066]],"v":[[155.352,5.549],[-155.354,5.549],[-160.901,0],[-155.354,-5.549],[155.353,-5.549],[160.902,0]],"c":true},"ix":2},"nm":"Caminho 1","mn":"ADBE Vector Shape - Group","hd":false},{"ty":"fl","c":{"a":0,"k":[0.193797736074,0.19626195571,0.235589016185,1],"ix":4},"o":{"a":0,"k":100,"ix":5},"r":1,"nm":"Preenchimento 1","mn":"ADBE Vector Graphic - Fill","hd":false},{"ty":"tr","p":{"a":0,"k":[316.255,239.451],"ix":2},"a":{"a":0,"k":[0,0],"ix":1},"s":{"a":0,"k":[100,100],"ix":3},"r":{"a":0,"k":0,"ix":6},"o":{"a":0,"k":100,"ix":7},"sk":{"a":0,"k":0,"ix":4},"sa":{"a":0,"k":0,"ix":5},"nm":"Transformar"}],"nm":"Grupo 6","np":2,"cix":2,"ix":6,"mn":"ADBE Vector Group","hd":false},{"ty":"gr","it":[{"ind":0,"ty":"sh","ix":1,"ks":{"a":0,"k":{"i":[[3.066,0],[0,0],[0,3.066],[-3.068,0],[0,0],[0,-3.067]],"o":[[0,0],[-3.067,0],[0,-3.067],[0,0],[3.066,0],[0,3.066]],"v":[[61.033,5.548],[-61.03,5.548],[-66.58,-0.001],[-61.03,-5.548],[61.033,-5.548],[66.579,-0.001]],"c":true},"ix":2},"nm":"Caminho 1","mn":"ADBE Vector Shape - Group","hd":false},{"ty":"mm","mm":4,"nm":"Mesclar caminhos 1","mn":"ADBE Vector Filter - Merge","hd":false},{"ty":"fl","c":{"a":0,"k":[0.193797736074,0.19626195571,0.235589016185,1],"ix":4},"o":{"a":0,"k":100,"ix":5},"r":1,"nm":"Preenchimento 1","mn":"ADBE Vector Graphic - Fill","hd":false},{"ty":"tr","p":{"a":0,"k":[66.579,6.423],"ix":2},"a":{"a":0,"k":[0,0],"ix":1},"s":{"a":0,"k":[100,100],"ix":3},"r":{"a":0,"k":0,"ix":6},"o":{"a":0,"k":100,"ix":7},"sk":{"a":0,"k":0,"ix":4},"sa":{"a":0,"k":0,"ix":5},"nm":"Transformar"}],"nm":"Grupo 7","np":3,"cix":2,"ix":7,"mn":"ADBE Vector Group","hd":false}],"ip":0,"op":15,"st":0,"bm":0}],"markers":[]}