{"v":"5.6.10","fr":25,"ip":0,"op":75,"w":600,"h":400,"nm":"合成 1","ddd":0,"assets":[],"layers":[{"ddd":0,"ind":1,"ty":4,"nm":"bluoYuan","sr":1,"ks":{"o":{"a":0,"k":100,"ix":11},"r":{"a":0,"k":0,"ix":10},"p":{"a":0,"k":[300,194,0],"ix":2},"a":{"a":0,"k":[3.994,-8.006,0],"ix":1},"s":{"a":0,"k":[100,100,100],"ix":6}},"ao":0,"shapes":[{"ind":0,"ty":"sh","ix":1,"ks":{"a":0,"k":{"i":[[0,0],[-38.506,0],[41.421,0],[0,41.421],[-41.421,0]],"o":[[0,0],[0,41.421],[-41.421,0],[0,-41.421],[13.011,0]],"v":[[-1.086,0.142],[75,0],[0,75],[-75,0],[0,-75]],"c":false},"ix":2},"nm":"路径 1","mn":"ADBE Vector Shape - Group","hd":false},{"ty":"st","c":{"a":0,"k":[0.262745098039,0.521568627451,0.945098099054,1],"ix":3},"o":{"a":0,"k":100,"ix":4},"w":{"a":0,"k":22,"ix":5},"lc":1,"lj":1,"ml":4,"bm":0,"nm":"描边 1","mn":"ADBE Vector Graphic - Stroke","hd":false},{"ty":"tm","s":{"a":0,"k":0,"ix":1},"e":{"a":1,"k":[{"i":{"x":[0],"y":[1]},"o":{"x":[0.12],"y":[0]},"t":26,"s":[0]},{"t":44.451171875,"s":[32]}],"ix":2},"o":{"a":0,"k":0,"ix":3},"m":1,"ix":4,"nm":"修剪路径 1","mn":"ADBE Vector Filter - Trim","hd":false}],"ip":0,"op":750,"st":0,"bm":0},{"ddd":0,"ind":2,"ty":4,"nm":"grenYuan","sr":1,"ks":{"o":{"a":0,"k":100,"ix":11},"r":{"a":0,"k":0,"ix":10},"p":{"a":0,"k":[300,194,0],"ix":2},"a":{"a":0,"k":[3.994,-8.006,0],"ix":1},"s":{"a":0,"k":[100,100,100],"ix":6}},"ao":0,"shapes":[{"ind":0,"ty":"sh","ix":1,"ks":{"a":0,"k":{"i":[[0,-41.421],[41.421,0],[0,41.421],[-41.421,0]],"o":[[0,41.421],[-41.421,0],[0,-41.421],[41.421,0]],"v":[[75,0],[0,75],[-75,0],[0,-75]],"c":true},"ix":2},"nm":"路径 1","mn":"ADBE Vector Shape - Group","hd":false},{"ty":"st","c":{"a":0,"k":[0.223529426724,0.678431372549,0.313725490196,1],"ix":3},"o":{"a":0,"k":100,"ix":4},"w":{"a":0,"k":22,"ix":5},"lc":1,"lj":1,"ml":4,"bm":0,"nm":"描边 1","mn":"ADBE Vector Graphic - Stroke","hd":false},{"ty":"tm","s":{"a":0,"k":0,"ix":1},"e":{"a":1,"k":[{"i":{"x":[0],"y":[1]},"o":{"x":[0.12],"y":[0]},"t":33.549,"s":[0]},{"t":52,"s":[32]}],"ix":2},"o":{"a":0,"k":0,"ix":3},"m":1,"ix":4,"nm":"修剪路径 1","mn":"ADBE Vector Filter - Trim","hd":false}],"ip":9,"op":759,"st":9,"bm":0},{"ddd":0,"ind":3,"ty":4,"nm":"yellowYuan","sr":1,"ks":{"o":{"a":0,"k":100,"ix":11},"r":{"a":0,"k":0,"ix":10},"p":{"a":0,"k":[300,194,0],"ix":2},"a":{"a":0,"k":[3.994,-8.006,0],"ix":1},"s":{"a":0,"k":[100,100,100],"ix":6}},"ao":0,"shapes":[{"ind":0,"ty":"sh","ix":1,"ks":{"a":0,"k":{"i":[[0,-41.421],[41.421,0],[0,41.421],[-41.421,0]],"o":[[0,41.421],[-41.421,0],[0,-41.421],[41.421,0]],"v":[[75,0],[0,75],[-75,0],[0,-75]],"c":true},"ix":2},"nm":"路径 1","mn":"ADBE Vector Shape - Group","hd":false},{"ty":"st","c":{"a":0,"k":[0.964705942191,0.741176470588,0.01568627451,1],"ix":3},"o":{"a":0,"k":100,"ix":4},"w":{"a":0,"k":22,"ix":5},"lc":1,"lj":1,"ml":4,"bm":0,"nm":"描边 1","mn":"ADBE Vector Graphic - Stroke","hd":false},{"ty":"tm","s":{"a":0,"k":0,"ix":1},"e":{"a":1,"k":[{"i":{"x":[0],"y":[1]},"o":{"x":[0.12],"y":[0]},"t":29.354,"s":[0]},{"t":47.806640625,"s":[49]}],"ix":2},"o":{"a":0,"k":0,"ix":3},"m":1,"ix":4,"nm":"修剪路径 1","mn":"ADBE Vector Filter - Trim","hd":false}],"ip":4,"op":754,"st":4,"bm":0},{"ddd":0,"ind":4,"ty":4,"nm":"redYuan","sr":1,"ks":{"o":{"a":0,"k":100,"ix":11},"r":{"a":0,"k":0,"ix":10},"p":{"a":0,"k":[300,194,0],"ix":2},"a":{"a":0,"k":[3.994,-8.006,0],"ix":1},"s":{"a":0,"k":[100,100,100],"ix":6}},"ao":0,"shapes":[{"ind":0,"ty":"sh","ix":1,"ks":{"a":0,"k":{"i":[[0,-41.421],[41.421,0],[0,41.421],[-41.421,0]],"o":[[0,41.421],[-41.421,0],[0,-41.421],[41.421,0]],"v":[[75,0],[0,75],[-75,0],[0,-75]],"c":true},"ix":2},"nm":"路径 1","mn":"ADBE Vector Shape - Group","hd":false},{"ty":"st","c":{"a":0,"k":[0.921568687289,0.258823529412,0.192156877705,1],"ix":3},"o":{"a":0,"k":100,"ix":4},"w":{"a":0,"k":22,"ix":5},"lc":1,"lj":1,"ml":4,"bm":0,"nm":"描边 1","mn":"ADBE Vector Graphic - Stroke","hd":false},{"ty":"tm","s":{"a":0,"k":0,"ix":1},"e":{"a":1,"k":[{"i":{"x":[0],"y":[1]},"o":{"x":[0.12],"y":[0]},"t":26,"s":[0]},{"t":44.451171875,"s":[90]}],"ix":2},"o":{"a":0,"k":0,"ix":3},"m":1,"ix":4,"nm":"修剪路径 1","mn":"ADBE Vector Filter - Trim","hd":false}],"ip":0,"op":750,"st":0,"bm":0}],"markers":[]}