{"v":"5.4.3","fr":60,"ip":0,"op":45,"w":600,"h":436,"nm":"Heart/heartbeat","ddd":0,"assets":[],"layers":[{"ddd":0,"ind":1,"ty":4,"nm":"dot/heartbeat Outlines","sr":1,"ks":{"o":{"a":0,"k":100,"ix":11},"r":{"a":0,"k":0,"ix":10},"p":{"a":1,"k":[{"i":{"x":0.601,"y":0.601},"o":{"x":0.167,"y":0.167},"n":"0p601_0p601_0p167_0p167","t":0,"s":[-18,205.5,0],"e":[191,208.5,0],"to":[0,0,0],"ti":[0,0,0]},{"i":{"x":0.672,"y":0.672},"o":{"x":0.337,"y":0.337},"n":"0p672_0p672_0p337_0p337","t":10.025,"s":[191,208.5,0],"e":[203,231.5,0],"to":[0,0,0],"ti":[0,0,0]},{"i":{"x":0.833,"y":0.833},"o":{"x":0.437,"y":0.438},"n":"0p833_0p833_0p437_0p438","t":11.27,"s":[203,231.5,0],"e":[256,124.5,0],"to":[0,0,0],"ti":[0,0,0]},{"i":{"x":0.833,"y":0.833},"o":{"x":0.167,"y":0.167},"n":"0p833_0p833_0p167_0p167","t":17,"s":[256,124.5,0],"e":[296,310.5,0],"to":[0,0,0],"ti":[0,0,0]},{"i":{"x":0.562,"y":0.562},"o":{"x":0.167,"y":0.167},"n":"0p562_0p562_0p167_0p167","t":24,"s":[296,310.5,0],"e":[321,189.5,0],"to":[0,0,0],"ti":[0,0,0]},{"i":{"x":0.659,"y":0.659},"o":{"x":0.324,"y":0.324},"n":"0p659_0p659_0p324_0p324","t":29.604,"s":[321,189.5,0],"e":[365,188.5,0],"to":[0,0,0],"ti":[0,0,0]},{"i":{"x":0.665,"y":0.666},"o":{"x":0.33,"y":0.33},"n":"0p665_0p666_0p33_0p33","t":31.6,"s":[365,188.5,0],"e":[392,230.5,0],"to":[0,0,0],"ti":[0,0,0]},{"i":{"x":0.669,"y":0.669},"o":{"x":0.334,"y":0.334},"n":"0p669_0p669_0p334_0p334","t":33.863,"s":[392,230.5,0],"e":[413,208.5,0],"to":[0,0,0],"ti":[0,0,0]},{"i":{"x":0.833,"y":0.833},"o":{"x":0.428,"y":0.428},"n":"0p833_0p833_0p428_0p428","t":35.242,"s":[413,208.5,0],"e":[584,206.5,0],"to":[0,0,0],"ti":[0,0,0]},{"t":43}],"ix":2},"a":{"a":0,"k":[22,22,0],"ix":1},"s":{"a":0,"k":[100,100,100],"ix":6}},"ao":0,"shapes":[{"ty":"gr","it":[{"ind":0,"ty":"sh","ix":1,"ks":{"a":0,"k":{"i":[[0,-11.874],[11.874,0],[0,11.874],[-11.874,0]],"o":[[0,11.874],[-11.874,0],[0,-11.874],[11.874,0]],"v":[[21.5,0],[0,21.5],[-21.5,0],[0,-21.5]],"c":true},"ix":2},"nm":"Path 1","mn":"ADBE Vector Shape - Group","hd":false},{"ty":"fl","c":{"a":0,"k":[0.3803921568627451,0.3686274509803922,0.3686274509803922,1],"ix":4},"o":{"a":0,"k":100,"ix":5},"r":1,"bm":0,"nm":"Fill 1","mn":"ADBE Vector Graphic - Fill","hd":false},{"ty":"tr","p":{"a":0,"k":[21.75,21.75],"ix":2},"a":{"a":0,"k":[0,0],"ix":1},"s":{"a":0,"k":[100,100],"ix":3},"r":{"a":0,"k":0,"ix":6},"o":{"a":0,"k":100,"ix":7},"sk":{"a":0,"k":0,"ix":4},"sa":{"a":0,"k":0,"ix":5},"nm":"Transform"}],"nm":"Group 1","np":2,"cix":2,"bm":0,"ix":1,"mn":"ADBE Vector Group","hd":false}],"ip":0,"op":45,"st":0,"bm":0},{"ddd":0,"ind":2,"ty":4,"nm":"Beep/heartbeat Outlines","sr":1,"ks":{"o":{"a":0,"k":100,"ix":11},"r":{"a":0,"k":0,"ix":10},"p":{"a":0,"k":[300,218,0],"ix":2},"a":{"a":0,"k":[256,121,0],"ix":1},"s":{"a":0,"k":[100,100,100],"ix":6}},"ao":0,"shapes":[{"ty":"gr","it":[{"ind":0,"ty":"sh","ix":1,"ks":{"a":0,"k":{"i":[[0.043,0],[1.18,6.238],[0,0],[0,0],[5.141,-0.172],[2.312,4.598],[0,0],[0,0],[0,7.281],[-7.282,0],[0,0],[-2.25,-4.415],[0,0],[-5.781,-0.621],[-1.082,-5.722],[0,0],[0,0],[-6.445,0],[0,0],[-2.43,-3.735],[0,0],[0,0],[-3.945,0],[0,0],[0,-7.286],[7.281,0],[0,0],[0,0],[4.191,0.229],[2.293,3.519],[0,0],[0,0],[0,0],[6.395,-0.066]],"o":[[-6.34,0],[0,0],[0,0],[-1.996,4.745],[-5.152,0.176],[0,0],[0,0],[-7.282,0],[0,-7.289],[0,0],[4.961,0],[0,0],[2.258,-5.371],[5.793,0.612],[0,0],[0,0],[1.054,-6.365],[0,0],[4.461,0],[0,0],[0,0],[2.508,-3.051],[0,0],[7.281,0],[0,7.281],[0,0],[0,0],[-2.668,3.246],[-4.199,-0.232],[0,0],[0,0],[0,0],[-1.047,6.307],[-0.046,0]],"v":[[-1.449,120.552],[-14.414,109.806],[-46.621,-61.295],[-80.895,20.155],[-92.602,28.22],[-104.832,20.966],[-113.996,2.755],[-242.312,2.755],[-255.5,-10.431],[-242.312,-23.623],[-105.867,-23.623],[-94.121,-16.427],[-53.93,-111.931],[-40.379,-119.931],[-28.809,-109.26],[-2.254,31.829],[8.739,-34.185],[21.742,-45.213],[64.789,-45.213],[75.84,-39.224],[96.051,-8.201],[104.77,-18.806],[114.961,-23.623],[242.313,-23.623],[255.5,-10.431],[242.313,2.755],[121.196,2.755],[105.016,22.439],[94.098,27.237],[83.774,21.267],[57.645,-18.834],[32.922,-18.834],[11.559,109.53],[-1.309,120.548]],"c":true},"ix":2},"nm":"Path 1","mn":"ADBE Vector Shape - Group","hd":false},{"ty":"fl","c":{"a":0,"k":[0,0,0,1],"ix":4},"o":{"a":0,"k":100,"ix":5},"r":1,"bm":0,"nm":"Fill 1","mn":"ADBE Vector Graphic - Fill","hd":false},{"ty":"tr","p":{"a":0,"k":[255.75,120.802],"ix":2},"a":{"a":0,"k":[0,0],"ix":1},"s":{"a":0,"k":[100,100],"ix":3},"r":{"a":0,"k":0,"ix":6},"o":{"a":0,"k":100,"ix":7},"sk":{"a":0,"k":0,"ix":4},"sa":{"a":0,"k":0,"ix":5},"nm":"Transform"}],"nm":"Group 1","np":2,"cix":2,"bm":0,"ix":1,"mn":"ADBE Vector Group","hd":false}],"ip":0,"op":45,"st":0,"bm":0},{"ddd":0,"ind":3,"ty":4,"nm":"Heart/heartbeat Outlines","sr":1,"ks":{"o":{"a":0,"k":100,"ix":11},"r":{"a":0,"k":0,"ix":10},"p":{"a":0,"k":[300,218,0],"ix":2},"a":{"a":0,"k":[220,210.5,0],"ix":1},"s":{"a":1,"k":[{"i":{"x":[0.833,0.833,0.833],"y":[0.833,0.833,0.833]},"o":{"x":[0.167,0.167,0.167],"y":[0.167,0.167,0.167]},"n":["0p833_0p833_0p167_0p167","0p833_0p833_0p167_0p167","0p833_0p833_0p167_0p167"],"t":0,"s":[85.455,85.455,100],"e":[100,100,100]},{"i":{"x":[0.833,0.833,0.833],"y":[0.833,0.833,0.833]},"o":{"x":[0.167,0.167,0.167],"y":[0.167,0.167,0.167]},"n":["0p833_0p833_0p167_0p167","0p833_0p833_0p167_0p167","0p833_0p833_0p167_0p167"],"t":18,"s":[100,100,100],"e":[92.273,92.273,100]},{"t":20}],"ix":6}},"ao":0,"shapes":[{"ty":"gr","it":[{"ind":0,"ty":"sh","ix":1,"ks":{"a":0,"k":{"i":[[0,-54.77],[34.664,-23.806],[3.512,2.411],[21.118,17.374],[0,147.561],[18.543,20.668]],"o":[[0,147.655],[-3.508,2.41],[-8.54,-5.863],[34.81,-23.922],[0,-29.973],[50.809,12.723]],"v":[[135.373,-94.791],[-76.842,205.807],[-88.482,205.817],[-135.374,170.307],[76.749,-130.243],[46.939,-208.229]],"c":true},"ix":2},"nm":"Path 1","mn":"ADBE Vector Shape - Group","hd":false},{"ty":"fl","c":{"a":0,"k":[0.9137254901960784,0.11764705882352941,0.11764705882352941,1],"ix":4},"o":{"a":0,"k":100,"ix":5},"r":1,"bm":0,"nm":"Fill 1","mn":"ADBE Vector Graphic - Fill","hd":false},{"ty":"tr","p":{"a":0,"k":[302.42,212.443],"ix":2},"a":{"a":0,"k":[0,0],"ix":1},"s":{"a":0,"k":[100,100],"ix":3},"r":{"a":0,"k":0,"ix":6},"o":{"a":0,"k":100,"ix":7},"sk":{"a":0,"k":0,"ix":4},"sa":{"a":0,"k":0,"ix":5},"nm":"Transform"}],"nm":"Group 1","np":2,"cix":2,"bm":0,"ix":1,"mn":"ADBE Vector Group","hd":false},{"ty":"gr","it":[{"ind":0,"ty":"sh","ix":1,"ks":{"a":0,"k":{"i":[[-3.445,145.843],[65.281,0.707],[20.457,-35.152],[43.711,-0.48],[-1.539,-65.265],[-34.282,-23.543],[-3.504,2.41]],"o":[[1.543,-65.265],[-43.707,-0.477],[-20.461,-35.152],[-65.282,0.707],[3.45,145.843],[3.504,2.41],[34.281,-23.543]],"v":[[217.971,-88.444],[102.397,-209.729],[-0.002,-151.526],[-102.4,-209.729],[-217.975,-88.444],[-5.814,207.798],[5.811,207.798]],"c":true},"ix":2},"nm":"Path 1","mn":"ADBE Vector Shape - Group","hd":false},{"ty":"fl","c":{"a":0,"k":[1,0,0,1],"ix":4},"o":{"a":0,"k":100,"ix":5},"r":1,"bm":0,"nm":"Fill 1","mn":"ADBE Vector Graphic - Fill","hd":false},{"ty":"tr","p":{"a":0,"k":[219.764,210.459],"ix":2},"a":{"a":0,"k":[0,0],"ix":1},"s":{"a":0,"k":[100,100],"ix":3},"r":{"a":0,"k":0,"ix":6},"o":{"a":0,"k":100,"ix":7},"sk":{"a":0,"k":0,"ix":4},"sa":{"a":0,"k":0,"ix":5},"nm":"Transform"}],"nm":"Group 2","np":2,"cix":2,"bm":0,"ix":2,"mn":"ADBE Vector Group","hd":false}],"ip":0,"op":45,"st":0,"bm":0}],"markers":[]}