{"v":"5.6.5","fr":30,"ip":0,"op":90,"w":48,"h":48,"nm":"03 Right Arrow","ddd":0,"assets":[],"layers":[{"ddd":0,"ind":1,"ty":4,"nm":"Down","parent":3,"sr":1,"ks":{"o":{"a":0,"k":100,"ix":11},"r":{"a":0,"k":0,"ix":10},"p":{"a":0,"k":[17.375,1,0],"ix":2},"a":{"a":0,"k":[9,1,0],"ix":1},"s":{"a":0,"k":[100,100,100],"ix":6}},"ao":0,"shapes":[{"ty":"gr","it":[{"ind":0,"ty":"sh","ix":1,"ks":{"a":1,"k":[{"i":{"x":0.19,"y":1},"o":{"x":0.21,"y":0},"t":0,"s":[{"i":[[0,0],[0,0]],"o":[[0,0],[0,0]],"v":[[4,-4],[-4,4]],"c":false}]},{"i":{"x":0.15,"y":1},"o":{"x":0.4,"y":0},"t":16,"s":[{"i":[[0,0],[1.125,-3.063]],"o":[[-2.094,1.406],[0,0]],"v":[[4,-4],[-4,3.25]],"c":false}]},{"i":{"x":0.7,"y":1},"o":{"x":0.3,"y":0},"t":28,"s":[{"i":[[0,0],[2.281,-1]],"o":[[-0.875,3.031],[0,0]],"v":[[4,-4],[-3.063,4]],"c":false}]},{"i":{"x":0.2,"y":1},"o":{"x":0.1,"y":0},"t":40,"s":[{"i":[[0,0],[2.188,-0.031]],"o":[[-0.875,3.031],[0,0]],"v":[[4,-4],[-3.063,4]],"c":false}]},{"i":{"x":0.2,"y":1},"o":{"x":0.1,"y":0},"t":58,"s":[{"i":[[0,0],[1.125,-3.063]],"o":[[-2.094,1.406],[0,0]],"v":[[4,-4],[-4,3.25]],"c":false}]},{"t":90,"s":[{"i":[[0,0],[0,0]],"o":[[0,0],[0,0]],"v":[[4,-4],[-4,4]],"c":false}]}],"ix":2},"nm":"Path 1","mn":"ADBE Vector Shape - Group","hd":false},{"ty":"st","c":{"a":0,"k":[0,0,0,1],"ix":3},"o":{"a":0,"k":100,"ix":4},"w":{"a":0,"k":2,"ix":5},"lc":2,"lj":2,"bm":0,"nm":"Stroke 1","mn":"ADBE Vector Graphic - Stroke","hd":false},{"ty":"tr","p":{"a":0,"k":[5,5],"ix":2},"a":{"a":0,"k":[0,0],"ix":1},"s":{"a":0,"k":[100,100],"ix":3},"r":{"a":0,"k":0,"ix":6},"o":{"a":0,"k":100,"ix":7},"sk":{"a":0,"k":0,"ix":4},"sa":{"a":0,"k":0,"ix":5},"nm":"Transform"}],"nm":"Group 1","np":2,"cix":2,"bm":0,"ix":1,"mn":"ADBE Vector Group","hd":false}],"ip":0,"op":300,"st":0,"bm":0},{"ddd":0,"ind":2,"ty":4,"nm":"Up ","parent":3,"sr":1,"ks":{"o":{"a":0,"k":100,"ix":11},"r":{"a":0,"k":0,"ix":10},"p":{"a":0,"k":[17.375,1,0],"ix":2},"a":{"a":0,"k":[9,9,0],"ix":1},"s":{"a":0,"k":[100,100,100],"ix":6}},"ao":0,"shapes":[{"ty":"gr","it":[{"ind":0,"ty":"sh","ix":1,"ks":{"a":1,"k":[{"i":{"x":0.19,"y":1},"o":{"x":0.21,"y":0},"t":0,"s":[{"i":[[0,0],[0,0]],"o":[[0,0],[0,0]],"v":[[4,4],[-4,-4]],"c":false}]},{"i":{"x":0.15,"y":1},"o":{"x":0.4,"y":0},"t":16,"s":[{"i":[[0,0],[1,3.375]],"o":[[-2.031,-1.406],[0,0]],"v":[[4,4],[-3.875,-3.469]],"c":false}]},{"i":{"x":0.7,"y":1},"o":{"x":0.3,"y":0},"t":28,"s":[{"i":[[0,0],[2.188,1]],"o":[[-0.875,-2.938],[0,0]],"v":[[4,4],[-3,-4]],"c":false}]},{"i":{"x":0.2,"y":1},"o":{"x":0.1,"y":0},"t":40,"s":[{"i":[[0,0],[2.125,0]],"o":[[-0.875,-2.938],[0,0]],"v":[[4,4],[-3,-4]],"c":false}]},{"i":{"x":0.19,"y":1},"o":{"x":0.1,"y":0},"t":58,"s":[{"i":[[0,0],[1,3.375]],"o":[[-2.031,-1.406],[0,0]],"v":[[4,4],[-3.875,-3.469]],"c":false}]},{"t":90,"s":[{"i":[[0,0],[0,0]],"o":[[0,0],[0,0]],"v":[[4,4],[-4,-4]],"c":false}]}],"ix":2},"nm":"Path 1","mn":"ADBE Vector Shape - Group","hd":false},{"ty":"st","c":{"a":0,"k":[0,0,0,1],"ix":3},"o":{"a":0,"k":100,"ix":4},"w":{"a":0,"k":2,"ix":5},"lc":2,"lj":2,"bm":0,"nm":"Stroke 1","mn":"ADBE Vector Graphic - Stroke","hd":false},{"ty":"tr","p":{"a":0,"k":[5,5],"ix":2},"a":{"a":0,"k":[0,0],"ix":1},"s":{"a":0,"k":[100,100],"ix":3},"r":{"a":0,"k":0,"ix":6},"o":{"a":0,"k":100,"ix":7},"sk":{"a":0,"k":0,"ix":4},"sa":{"a":0,"k":0,"ix":5},"nm":"Transform"}],"nm":"Group 1","np":2,"cix":2,"bm":0,"ix":1,"mn":"ADBE Vector Group","hd":false}],"ip":0,"op":300,"st":0,"bm":0},{"ddd":0,"ind":3,"ty":4,"nm":"Main Arrow Line","sr":1,"ks":{"o":{"a":0,"k":100,"ix":11},"r":{"a":0,"k":0,"ix":10},"p":{"a":1,"k":[{"i":{"x":0.19,"y":1},"o":{"x":0.21,"y":0},"t":0,"s":[24,24,0],"to":[-0.667,0,0],"ti":[-2.333,0,0]},{"i":{"x":0.15,"y":1},"o":{"x":0.4,"y":0},"t":16,"s":[20,24,0],"to":[2.333,0,0],"ti":[-0.038,-0.037,0]},{"i":{"x":0.7,"y":1},"o":{"x":0.3,"y":0},"t":30,"s":[38,24,0],"to":[0.013,0.013,0],"ti":[-0.063,0,0]},{"i":{"x":0.2,"y":1},"o":{"x":0.1,"y":0},"t":40,"s":[38.5,24,0],"to":[3,0,0],"ti":[2.417,0,0]},{"i":{"x":0.19,"y":1},"o":{"x":0.12,"y":0},"t":62,"s":[20,24,0],"to":[-2.417,0,0],"ti":[-0.667,0,0]},{"t":90,"s":[24,24,0]}],"ix":2},"a":{"a":0,"k":[9.5,1,0],"ix":1},"s":{"a":0,"k":[100,100,100],"ix":6}},"ao":0,"shapes":[{"ty":"gr","it":[{"ind":0,"ty":"sh","ix":1,"ks":{"a":1,"k":[{"i":{"x":0.19,"y":1},"o":{"x":0.21,"y":0},"t":0,"s":[{"i":[[0,0],[0,0]],"o":[[0,0],[0,0]],"v":[[16.5,1],[0.5,1]],"c":false}]},{"i":{"x":0.15,"y":1},"o":{"x":0.4,"y":0},"t":16,"s":[{"i":[[0,0],[0,0]],"o":[[0,0],[0,0]],"v":[[15.594,1],[1.5,1]],"c":false}]},{"i":{"x":0.7,"y":1},"o":{"x":0.3,"y":0},"t":28,"s":[{"i":[[0,0],[0,0]],"o":[[0,0],[0,0]],"v":[[16.5,1],[1.969,1]],"c":false}]},{"i":{"x":0.19,"y":1},"o":{"x":0.1,"y":0},"t":40,"s":[{"i":[[0,0],[0,0]],"o":[[0,0],[0,0]],"v":[[16.5,1],[4.406,1]],"c":false}]},{"i":{"x":0.19,"y":1},"o":{"x":0.15,"y":0},"t":58,"s":[{"i":[[0,0],[0,0]],"o":[[0,0],[0,0]],"v":[[15.594,1],[1.5,1]],"c":false}]},{"t":90,"s":[{"i":[[0,0],[0,0]],"o":[[0,0],[0,0]],"v":[[16.5,1],[0.5,1]],"c":false}]}],"ix":2},"nm":"Path 1","mn":"ADBE Vector Shape - Group","hd":false},{"ty":"st","c":{"a":0,"k":[0,0,0,1],"ix":3},"o":{"a":0,"k":100,"ix":4},"w":{"a":0,"k":2,"ix":5},"lc":2,"lj":2,"bm":0,"nm":"Stroke 1","mn":"ADBE Vector Graphic - Stroke","hd":false},{"ty":"tr","p":{"a":0,"k":[0,0],"ix":2},"a":{"a":0,"k":[0,0],"ix":1},"s":{"a":0,"k":[100,100],"ix":3},"r":{"a":0,"k":0,"ix":6},"o":{"a":0,"k":100,"ix":7},"sk":{"a":0,"k":0,"ix":4},"sa":{"a":0,"k":0,"ix":5},"nm":"Transform"}],"nm":"Group 1","np":2,"cix":2,"bm":0,"ix":1,"mn":"ADBE Vector Group","hd":false}],"ip":0,"op":300,"st":0,"bm":0},{"ddd":0,"ind":4,"ty":4,"nm":"Base Circle","sr":1,"ks":{"o":{"a":0,"k":100,"ix":11},"r":{"a":0,"k":0,"ix":10},"p":{"a":0,"k":[24,24,0],"ix":2},"a":{"a":0,"k":[25,25,0],"ix":1},"s":{"a":0,"k":[100,100,100],"ix":6}},"ao":0,"shapes":[{"ty":"gr","it":[{"ind":0,"ty":"sh","ix":1,"ks":{"a":0,"k":{"i":[[12.702,0],[0,-12.703],[-12.703,0],[0,12.702]],"o":[[-12.703,0],[0,12.702],[12.702,0],[0,-12.703]],"v":[[0,-23],[-23,0],[0,23],[23,0]],"c":true},"ix":2},"nm":"Path 1","mn":"ADBE Vector Shape - Group","hd":false},{"ty":"st","c":{"a":0,"k":[0,0,0,1],"ix":3},"o":{"a":0,"k":100,"ix":4},"w":{"a":0,"k":2,"ix":5},"lc":1,"lj":1,"ml":4,"bm":0,"nm":"Stroke 1","mn":"ADBE Vector Graphic - Stroke","hd":false},{"ty":"tr","p":{"a":0,"k":[25,25],"ix":2},"a":{"a":0,"k":[0,0],"ix":1},"s":{"a":0,"k":[100,100],"ix":3},"r":{"a":0,"k":0,"ix":6},"o":{"a":0,"k":100,"ix":7},"sk":{"a":0,"k":0,"ix":4},"sa":{"a":0,"k":0,"ix":5},"nm":"Transform"}],"nm":"Group 1","np":2,"cix":2,"bm":0,"ix":1,"mn":"ADBE Vector Group","hd":false}],"ip":0,"op":300,"st":0,"bm":0}],"markers":[]}