{"v":"5.5.7","meta":{"g":"LottieFiles AE 0.1.20","a":"","k":"","d":"","tc":"#FFFFFF"},"fr":29.9700012207031,"ip":0,"op":167.000006802049,"w":640,"h":480,"nm":"Comp 1","ddd":0,"assets":[],"layers":[{"ddd":0,"ind":1,"ty":4,"nm":"Shape Layer 4","sr":1,"ks":{"o":{"a":0,"k":100,"ix":11},"r":{"a":0,"k":0,"ix":10},"p":{"a":0,"k":[320,240,0],"ix":2},"a":{"a":0,"k":[0,0,0],"ix":1},"s":{"a":0,"k":[100,100,100],"ix":6}},"ao":0,"shapes":[{"ty":"gr","it":[{"ind":0,"ty":"sh","ix":1,"ks":{"a":0,"k":{"i":[[0,0],[0,0]],"o":[[0,0],[0,0]],"v":[[358,58],[93,2]],"c":false},"ix":2},"nm":"Path 1","mn":"ADBE Vector Shape - Group","hd":false},{"ty":"st","c":{"a":0,"k":[0.1568627450980392,0.2784313725490196,0.6941176470588235,1],"ix":3},"o":{"a":0,"k":100,"ix":4},"w":{"a":0,"k":2,"ix":5},"lc":1,"lj":1,"ml":4,"bm":0,"nm":"Stroke 1","mn":"ADBE Vector Graphic - Stroke","hd":false},{"ty":"tm","s":{"a":1,"k":[{"i":{"x":[0.307],"y":[1]},"o":{"x":[0.333],"y":[0]},"t":71,"s":[0]},{"t":75,"s":[100],"h":1},{"i":{"x":[0.307],"y":[1]},"o":{"x":[0.333],"y":[0]},"t":127,"s":[0]},{"t":135.000005498663,"s":[100]}],"ix":1},"e":{"a":1,"k":[{"i":{"x":[0.307],"y":[1]},"o":{"x":[0.333],"y":[0]},"t":65,"s":[0]},{"t":73,"s":[100],"h":1},{"i":{"x":[0.307],"y":[1]},"o":{"x":[0.333],"y":[0]},"t":125,"s":[0]},{"t":133.000005417201,"s":[100]}],"ix":2},"o":{"a":0,"k":0,"ix":3},"m":1,"ix":4,"nm":"Trim Paths 1","mn":"ADBE Vector Filter - Trim","hd":false},{"ty":"tr","p":{"a":0,"k":[0,0],"ix":2},"a":{"a":0,"k":[0,0],"ix":1},"s":{"a":0,"k":[100,100],"ix":3},"r":{"a":0,"k":0,"ix":6},"o":{"a":0,"k":100,"ix":7},"sk":{"a":0,"k":0,"ix":4},"sa":{"a":0,"k":0,"ix":5},"nm":"Transform"}],"nm":"Shape 8","np":4,"cix":2,"bm":0,"ix":1,"mn":"ADBE Vector Group","hd":false},{"ty":"gr","it":[{"ind":0,"ty":"sh","ix":1,"ks":{"a":0,"k":{"i":[[0,0],[0,0]],"o":[[0,0],[0,0]],"v":[[322,15],[133,-13]],"c":false},"ix":2},"nm":"Path 1","mn":"ADBE Vector Shape - Group","hd":false},{"ty":"st","c":{"a":0,"k":[0.086274509804,0.075447912777,0.075447912777,1],"ix":3},"o":{"a":0,"k":100,"ix":4},"w":{"a":0,"k":2,"ix":5},"lc":1,"lj":1,"ml":4,"bm":0,"nm":"Stroke 1","mn":"ADBE Vector Graphic - Stroke","hd":false},{"ty":"tm","s":{"a":1,"k":[{"i":{"x":[0.307],"y":[1]},"o":{"x":[0.333],"y":[0]},"t":71,"s":[0]},{"t":75,"s":[100],"h":1},{"i":{"x":[0.307],"y":[1]},"o":{"x":[0.333],"y":[0]},"t":131,"s":[0]},{"t":135.000005498663,"s":[100]}],"ix":1},"e":{"a":1,"k":[{"i":{"x":[0.307],"y":[1]},"o":{"x":[0.333],"y":[0]},"t":65,"s":[0]},{"t":73,"s":[100],"h":1},{"i":{"x":[0.307],"y":[1]},"o":{"x":[0.333],"y":[0]},"t":125,"s":[0]},{"t":133.000005417201,"s":[100]}],"ix":2},"o":{"a":0,"k":0,"ix":3},"m":1,"ix":4,"nm":"Trim Paths 1","mn":"ADBE Vector Filter - Trim","hd":false},{"ty":"tr","p":{"a":0,"k":[0,0],"ix":2},"a":{"a":0,"k":[0,0],"ix":1},"s":{"a":0,"k":[100,100],"ix":3},"r":{"a":0,"k":0,"ix":6},"o":{"a":0,"k":100,"ix":7},"sk":{"a":0,"k":0,"ix":4},"sa":{"a":0,"k":0,"ix":5},"nm":"Transform"}],"nm":"Shape 7","np":4,"cix":2,"bm":0,"ix":2,"mn":"ADBE Vector Group","hd":false},{"ty":"gr","it":[{"ind":0,"ty":"sh","ix":1,"ks":{"a":0,"k":{"i":[[0,0]],"o":[[0,0]],"v":[[368,78]],"c":false},"ix":2},"nm":"Path 1","mn":"ADBE Vector Shape - Group","hd":false},{"ty":"tm","s":{"a":1,"k":[{"i":{"x":[0.307],"y":[1]},"o":{"x":[0.333],"y":[0]},"t":71,"s":[0]},{"t":75,"s":[100],"h":1},{"i":{"x":[0.307],"y":[1]},"o":{"x":[0.333],"y":[0]},"t":127,"s":[0]},{"t":135.000005498663,"s":[100]}],"ix":1},"e":{"a":1,"k":[{"i":{"x":[0.307],"y":[1]},"o":{"x":[0.333],"y":[0]},"t":65,"s":[0]},{"t":73,"s":[100],"h":1},{"i":{"x":[0.307],"y":[1]},"o":{"x":[0.333],"y":[0]},"t":125,"s":[0]},{"t":133.000005417201,"s":[100]}],"ix":2},"o":{"a":0,"k":0,"ix":3},"m":1,"ix":2,"nm":"Trim Paths 1","mn":"ADBE Vector Filter - Trim","hd":false},{"ty":"st","c":{"a":0,"k":[0.086274509804,0.075447912777,0.075447912777,1],"ix":3},"o":{"a":0,"k":100,"ix":4},"w":{"a":0,"k":2,"ix":5},"lc":1,"lj":1,"ml":4,"bm":0,"nm":"Stroke 1","mn":"ADBE Vector Graphic - Stroke","hd":false},{"ty":"tr","p":{"a":0,"k":[0,0],"ix":2},"a":{"a":0,"k":[0,0],"ix":1},"s":{"a":0,"k":[100,100],"ix":3},"r":{"a":0,"k":0,"ix":6},"o":{"a":0,"k":100,"ix":7},"sk":{"a":0,"k":0,"ix":4},"sa":{"a":0,"k":0,"ix":5},"nm":"Transform"}],"nm":"Shape 4","np":4,"cix":2,"bm":0,"ix":3,"mn":"ADBE Vector Group","hd":false},{"ty":"gr","it":[{"ind":0,"ty":"sh","ix":1,"ks":{"a":0,"k":{"i":[[0,0],[0,0]],"o":[[0,0],[0,0]],"v":[[310,68],[170,38]],"c":false},"ix":2},"nm":"Path 1","mn":"ADBE Vector Shape - Group","hd":false},{"ty":"tm","s":{"a":1,"k":[{"i":{"x":[0.307],"y":[1]},"o":{"x":[0.333],"y":[0]},"t":71,"s":[0]},{"t":78,"s":[100],"h":1},{"i":{"x":[0.307],"y":[1]},"o":{"x":[0.333],"y":[0]},"t":131,"s":[0]},{"t":138.000005620855,"s":[100]}],"ix":1},"e":{"a":1,"k":[{"i":{"x":[0.307],"y":[1]},"o":{"x":[0.333],"y":[0]},"t":66,"s":[0]},{"t":76,"s":[100],"h":1},{"i":{"x":[0.307],"y":[1]},"o":{"x":[0.333],"y":[0]},"t":126,"s":[0]},{"t":136.000005539394,"s":[100]}],"ix":2},"o":{"a":0,"k":0,"ix":3},"m":1,"ix":2,"nm":"Trim Paths 1","mn":"ADBE Vector Filter - Trim","hd":false},{"ty":"st","c":{"a":0,"k":[0.086274509804,0.075447912777,0.075447912777,1],"ix":3},"o":{"a":0,"k":100,"ix":4},"w":{"a":0,"k":2,"ix":5},"lc":1,"lj":1,"ml":4,"bm":0,"nm":"Stroke 1","mn":"ADBE Vector Graphic - Stroke","hd":false},{"ty":"tr","p":{"a":0,"k":[0,0],"ix":2},"a":{"a":0,"k":[0,0],"ix":1},"s":{"a":0,"k":[100,100],"ix":3},"r":{"a":0,"k":0,"ix":6},"o":{"a":0,"k":100,"ix":7},"sk":{"a":0,"k":0,"ix":4},"sa":{"a":0,"k":0,"ix":5},"nm":"Transform"}],"nm":"Shape 3","np":4,"cix":2,"bm":0,"ix":4,"mn":"ADBE Vector Group","hd":false},{"ty":"gr","it":[{"ind":0,"ty":"sh","ix":1,"ks":{"a":0,"k":{"i":[[0,0],[63.154,12.461],[0,7.201],[-32,8]],"o":[[0,0],[-51.69,-10.199],[0,-15.846],[0,0]],"v":[[336,58],[202.687,34.653],[104,6],[120,-40]],"c":false},"ix":2},"nm":"Path 1","mn":"ADBE Vector Shape - Group","hd":false},{"ty":"tm","s":{"a":1,"k":[{"i":{"x":[0.307],"y":[1]},"o":{"x":[0.333],"y":[0]},"t":64,"s":[0]},{"t":73,"s":[100],"h":1},{"i":{"x":[0.307],"y":[1]},"o":{"x":[0.333],"y":[0]},"t":124,"s":[0]},{"t":133.000005417201,"s":[100]}],"ix":1},"e":{"a":1,"k":[{"i":{"x":[0.307],"y":[1]},"o":{"x":[0.333],"y":[0]},"t":63,"s":[0]},{"t":72,"s":[100],"h":1},{"i":{"x":[0.307],"y":[1]},"o":{"x":[0.333],"y":[0]},"t":123,"s":[0]},{"t":132.00000537647,"s":[100]}],"ix":2},"o":{"a":0,"k":0,"ix":3},"m":1,"ix":2,"nm":"Trim Paths 1","mn":"ADBE Vector Filter - Trim","hd":false},{"ty":"st","c":{"a":0,"k":[0.086274509804,0.075447912777,0.075447912777,1],"ix":3},"o":{"a":0,"k":100,"ix":4},"w":{"a":0,"k":2,"ix":5},"lc":1,"lj":1,"ml":4,"bm":0,"nm":"Stroke 1","mn":"ADBE Vector Graphic - Stroke","hd":false},{"ty":"tr","p":{"a":0,"k":[0,0],"ix":2},"a":{"a":0,"k":[0,0],"ix":1},"s":{"a":0,"k":[100,100],"ix":3},"r":{"a":0,"k":0,"ix":6},"o":{"a":0,"k":100,"ix":7},"sk":{"a":0,"k":0,"ix":4},"sa":{"a":0,"k":0,"ix":5},"nm":"Transform"}],"nm":"Shape 2","np":4,"cix":2,"bm":0,"ix":5,"mn":"ADBE Vector Group","hd":false},{"ty":"gr","it":[{"ind":0,"ty":"sh","ix":1,"ks":{"a":0,"k":{"i":[[0,0],[7,31],[-17,5]],"o":[[0,0],[-2.545,-11.273],[0,0]],"v":[[317,31],[122,-3],[141,-37]],"c":false},"ix":2},"nm":"Path 1","mn":"ADBE Vector Shape - Group","hd":false},{"ty":"st","c":{"a":0,"k":[0.086274509804,0.075447912777,0.075447912777,1],"ix":3},"o":{"a":0,"k":100,"ix":4},"w":{"a":0,"k":2,"ix":5},"lc":1,"lj":1,"ml":4,"bm":0,"nm":"Stroke 1","mn":"ADBE Vector Graphic - Stroke","hd":false},{"ty":"gr","it":[{"ind":0,"ty":"sh","ix":1,"ks":{"a":0,"k":{"i":[[0,0],[7,31],[-17,5]],"o":[[0,0],[-2.545,-11.273],[0,0]],"v":[[317,31],[122,-3],[141,-37]],"c":false},"ix":2},"nm":"Path 1","mn":"ADBE Vector Shape - Group","hd":false},{"ty":"st","c":{"a":0,"k":[0.086274509804,0.075447912777,0.075447912777,1],"ix":3},"o":{"a":0,"k":100,"ix":4},"w":{"a":0,"k":2,"ix":5},"lc":1,"lj":1,"ml":4,"bm":0,"nm":"Stroke 1","mn":"ADBE Vector Graphic - Stroke","hd":false},{"ty":"tr","p":{"a":0,"k":[0,0],"ix":2},"a":{"a":0,"k":[0,0],"ix":1},"s":{"a":0,"k":[100,100],"ix":3},"r":{"a":0,"k":0,"ix":6},"o":{"a":0,"k":100,"ix":7},"sk":{"a":0,"k":0,"ix":4},"sa":{"a":0,"k":0,"ix":5},"nm":"Transform"}],"nm":"Shape 1","np":3,"cix":2,"bm":0,"ix":4,"mn":"ADBE Vector Group","hd":false},{"ty":"tr","p":{"a":0,"k":[0,0],"ix":2},"a":{"a":0,"k":[0,0],"ix":1},"s":{"a":0,"k":[100,100],"ix":3},"r":{"a":0,"k":0,"ix":6},"o":{"a":0,"k":100,"ix":7},"sk":{"a":0,"k":0,"ix":4},"sa":{"a":0,"k":0,"ix":5},"nm":"Transform"}],"nm":"Shape 1","np":4,"cix":2,"bm":0,"ix":6,"mn":"ADBE Vector Group","hd":false},{"ty":"tm","s":{"a":1,"k":[{"i":{"x":[0.307],"y":[1]},"o":{"x":[0.333],"y":[0]},"t":65,"s":[0]},{"t":76,"s":[100],"h":1},{"i":{"x":[0.307],"y":[1]},"o":{"x":[0.333],"y":[0]},"t":124,"s":[0]},{"t":138.000005620855,"s":[100]}],"ix":1},"e":{"a":1,"k":[{"i":{"x":[0.307],"y":[1]},"o":{"x":[0.333],"y":[0]},"t":64,"s":[0]},{"t":74,"s":[100],"h":1},{"i":{"x":[0.307],"y":[1]},"o":{"x":[0.333],"y":[0]},"t":124,"s":[0]},{"t":133.000005417201,"s":[100]}],"ix":2},"o":{"a":0,"k":0,"ix":3},"m":1,"ix":7,"nm":"Trim Paths 1","mn":"ADBE Vector Filter - Trim","hd":false}],"ip":0,"op":167.000006802049,"st":0,"bm":0},{"ddd":0,"ind":2,"ty":4,"nm":"Shape Layer 3","sr":1,"ks":{"o":{"a":0,"k":100,"ix":11},"r":{"a":1,"k":[{"i":{"x":[0.861],"y":[1]},"o":{"x":[0.287],"y":[0]},"t":38,"s":[0]},{"i":{"x":[0.895],"y":[1]},"o":{"x":[0.112],"y":[0]},"t":71,"s":[116]},{"i":{"x":[0.861],"y":[1]},"o":{"x":[0.283],"y":[0]},"t":98,"s":[0]},{"i":{"x":[0.833],"y":[1]},"o":{"x":[0.112],"y":[0]},"t":130,"s":[116]},{"t":157.000006394741,"s":[0]}],"ix":10},"p":{"a":1,"k":[{"i":{"x":0.86,"y":1},"o":{"x":1,"y":0},"t":0,"s":[320,-48,0],"to":[0.208,46.146,0],"ti":[0,-25.667,0]},{"i":{"x":0.81,"y":1},"o":{"x":0.101,"y":0},"t":13,"s":[321.25,228.875,0],"to":[0,25.667,0],"ti":[0.208,0.583,0]},{"i":{"x":0.667,"y":1},"o":{"x":0.939,"y":0},"t":22,"s":[320,106,0],"to":[-0.208,-0.583,0],"ti":[-1.25,-12.063,0]},{"i":{"x":0.667,"y":1},"o":{"x":0.333,"y":0},"t":27,"s":[320,225.375,0],"to":[1.25,12.063,0],"ti":[-1.25,0.521,0]},{"i":{"x":0.667,"y":1},"o":{"x":0.333,"y":0},"t":33,"s":[327.5,178.375,0],"to":[1.25,-0.521,0],"ti":[-5.959,6.903,0]},{"i":{"x":0.69,"y":0.544},"o":{"x":0.388,"y":0},"t":38,"s":[327.5,222.25,0],"to":[7.718,-8.941,0],"ti":[-3.693,-0.315,0]},{"i":{"x":0.667,"y":1},"o":{"x":0.246,"y":0.285},"t":43,"s":[336.137,221.059,0],"to":[0.328,0.028,0],"ti":[-4.945,-0.878,0]},{"i":{"x":0.717,"y":1},"o":{"x":0.056,"y":0},"t":71,"s":[419.094,237.594,0],"to":[15.25,2.708,0],"ti":[-2.223,0.944,0]},{"i":{"x":0.785,"y":1},"o":{"x":0.712,"y":0},"t":98,"s":[327.5,220.125,0],"to":[2.997,-1.272,0],"ti":[-4.945,-0.878,0]},{"i":{"x":0.717,"y":1},"o":{"x":0.056,"y":0},"t":130,"s":[419.094,238.594,0],"to":[15.25,2.708,0],"ti":[-2.223,0.944,0]},{"t":157.000006394741,"s":[327.5,220.125,0]}],"ix":2},"a":{"a":0,"k":[-86,-22,0],"ix":1},"s":{"a":1,"k":[{"t":0,"s":[60,140,100],"h":1},{"i":{"x":[0.81,0.81,0.81],"y":[1,1,1]},"o":{"x":[0.101,0.101,0.101],"y":[0,0,0]},"t":13,"s":[140,60,100]},{"t":17,"s":[70,130,100],"h":1},{"i":{"x":[0.667,0.667,0.667],"y":[1,1,1]},"o":{"x":[0.333,0.333,0.333],"y":[0,0,0]},"t":27,"s":[120,80,100]},{"t":30,"s":[90,110,100],"h":1},{"i":{"x":[0.667,0.667,0.667],"y":[0.824,0.824,1]},"o":{"x":[0.333,0.333,0.333],"y":[0,0,0]},"t":38,"s":[110,90,100]},{"t":41.0000016699642,"s":[100,100,100]}],"ix":6}},"ao":0,"shapes":[{"ty":"gr","it":[{"ind":0,"ty":"sh","ix":1,"ks":{"a":0,"k":{"i":[[12.703,0],[0,-12.703],[-12.703,0],[0,12.703]],"o":[[-12.703,0],[0,12.703],[12.703,0],[0,-12.703]],"v":[[0,-23],[-23,0],[0,23],[23,0]],"c":true},"ix":2},"nm":"Path 1","mn":"ADBE Vector Shape - Group","hd":false},{"ty":"st","c":{"a":0,"k":[0.086274509804,0.075447912777,0.075447912777,1],"ix":3},"o":{"a":0,"k":100,"ix":4},"w":{"a":0,"k":2,"ix":5},"lc":1,"lj":1,"ml":4,"bm":0,"d":[{"n":"d","nm":"dash","v":{"a":0,"k":5,"ix":1}},{"n":"o","nm":"offset","v":{"a":0,"k":0,"ix":7}}],"nm":"Stroke 1","mn":"ADBE Vector Graphic - Stroke","hd":false},{"ty":"fl","c":{"a":0,"k":[0.1411764705882353,0.30196078431372547,0.5333333333333333,1],"ix":4},"o":{"a":0,"k":100,"ix":5},"r":1,"bm":0,"nm":"Fill 1","mn":"ADBE Vector Graphic - Fill","hd":false},{"ty":"tr","p":{"a":0,"k":[-86,-22],"ix":2},"a":{"a":0,"k":[0,0],"ix":1},"s":{"a":0,"k":[100,100],"ix":3},"r":{"a":0,"k":0,"ix":6},"o":{"a":0,"k":100,"ix":7},"sk":{"a":0,"k":0,"ix":4},"sa":{"a":0,"k":0,"ix":5},"nm":"Transform"}],"nm":"Ellipse 1","np":3,"cix":2,"bm":0,"ix":1,"mn":"ADBE Vector Group","hd":false}],"ip":0,"op":167.000006802049,"st":0,"bm":0},{"ddd":0,"ind":3,"ty":4,"nm":"Shape Layer 2","sr":1,"ks":{"o":{"a":0,"k":100,"ix":11},"r":{"a":1,"k":[{"i":{"x":[0.667],"y":[1]},"o":{"x":[0.333],"y":[0]},"t":13,"s":[-2]},{"i":{"x":[0.667],"y":[1]},"o":{"x":[0.333],"y":[0]},"t":14,"s":[0]},{"i":{"x":[0.66],"y":[0.998]},"o":{"x":[0.326],"y":[0]},"t":15,"s":[-2]},{"i":{"x":[0.833],"y":[1.175]},"o":{"x":[0.348],"y":[-0.078]},"t":16,"s":[2]},{"i":{"x":[0.833],"y":[0.833]},"o":{"x":[0.167],"y":[0.167]},"t":38,"s":[0]},{"i":{"x":[0.888],"y":[1]},"o":{"x":[0.167],"y":[0.167]},"t":40,"s":[4]},{"i":{"x":[0.667],"y":[1]},"o":{"x":[0.895],"y":[0]},"t":71,"s":[11]},{"i":{"x":[0.888],"y":[1]},"o":{"x":[0.333],"y":[0]},"t":94,"s":[4]},{"i":{"x":[0.667],"y":[1]},"o":{"x":[0.895],"y":[0]},"t":130,"s":[11]},{"t":157.000006394741,"s":[4]}],"ix":10},"p":{"a":0,"k":[320,244,0],"ix":2},"a":{"a":0,"k":[-30.5,4,0],"ix":1},"s":{"a":0,"k":[100,100,100],"ix":6}},"ao":0,"shapes":[{"ty":"gr","it":[{"ind":0,"ty":"sh","ix":1,"ks":{"a":0,"k":{"i":[[0,0],[0,0]],"o":[[0,0],[0,0]],"v":[[-161,4],[100,4]],"c":false},"ix":2},"nm":"Path 1","mn":"ADBE Vector Shape - Group","hd":false},{"ty":"st","c":{"a":0,"k":[0.086274509804,0.075447912777,0.075447912777,1],"ix":3},"o":{"a":0,"k":100,"ix":4},"w":{"a":0,"k":4,"ix":5},"lc":1,"lj":1,"ml":4,"bm":0,"nm":"Stroke 1","mn":"ADBE Vector Graphic - Stroke","hd":false},{"ty":"tr","p":{"a":0,"k":[0,0],"ix":2},"a":{"a":0,"k":[0,0],"ix":1},"s":{"a":0,"k":[100,100],"ix":3},"r":{"a":0,"k":0,"ix":6},"o":{"a":0,"k":100,"ix":7},"sk":{"a":0,"k":0,"ix":4},"sa":{"a":0,"k":0,"ix":5},"nm":"Transform"}],"nm":"Shape 1","np":3,"cix":2,"bm":0,"ix":1,"mn":"ADBE Vector Group","hd":false}],"ip":0,"op":167.000006802049,"st":0,"bm":0},{"ddd":0,"ind":4,"ty":4,"nm":"Shape Layer 1","sr":1,"ks":{"o":{"a":0,"k":100,"ix":11},"r":{"a":0,"k":0,"ix":10},"p":{"a":0,"k":[365,240,0],"ix":2},"a":{"a":0,"k":[0,0,0],"ix":1},"s":{"a":0,"k":[100,100,100],"ix":6}},"ao":0,"shapes":[{"ty":"gr","it":[{"ind":0,"ty":"sh","ix":1,"ks":{"a":0,"k":{"i":[[0,0],[0,0],[0,0]],"o":[[0,0],[0,0],[0,0]],"v":[[-45,8],[-112,75],[22,75]],"c":true},"ix":2},"nm":"Path 1","mn":"ADBE Vector Shape - Group","hd":false},{"ty":"st","c":{"a":0,"k":[0.086274509804,0.075447912777,0.075447912777,1],"ix":3},"o":{"a":0,"k":100,"ix":4},"w":{"a":0,"k":4,"ix":5},"lc":1,"lj":1,"ml":4,"bm":0,"nm":"Stroke 1","mn":"ADBE Vector Graphic - Stroke","hd":false},{"ty":"tr","p":{"a":0,"k":[0,0],"ix":2},"a":{"a":0,"k":[0,0],"ix":1},"s":{"a":0,"k":[100,100],"ix":3},"r":{"a":0,"k":0,"ix":6},"o":{"a":0,"k":100,"ix":7},"sk":{"a":0,"k":0,"ix":4},"sa":{"a":0,"k":0,"ix":5},"nm":"Transform"}],"nm":"Shape 1","np":3,"cix":2,"bm":0,"ix":1,"mn":"ADBE Vector Group","hd":false}],"ip":0,"op":167.000006802049,"st":0,"bm":0}],"markers":[{"tm":61.0000024845809,"cm":"1","dr":0},{"tm":69.0000028104276,"cm":"2","dr":0}]}