{"v":"5.5.5","fr":15,"ip":0,"op":75,"w":400,"h":200,"nm":"Comp 4","ddd":0,"assets":[],"layers":[{"ddd":0,"ind":4,"ty":4,"nm":"Shape Layer 1","sr":1,"ks":{"o":{"a":0,"k":100,"ix":11},"r":{"a":0,"k":0,"ix":10},"p":{"a":0,"k":[200,95.15151515151516,0],"ix":2},"a":{"a":0,"k":[0,0,0],"ix":1},"s":{"a":0,"k":[149.36848484848483,127.38853503184714,100],"ix":6}},"ao":0,"shapes":[{"ty":"gr","it":[{"ind":0,"ty":"sh","ix":1,"ks":{"a":0,"k":{"i":[[0,0],[-7.75,0],[-3.128,0],[-3.25,-0.5],[-1.875,0],[-1,0.5],[-2.625,0],[-2.424,-4.401],[-0.847,4.357],[-10.34,0],[-3.75,0],[-5.75,4.75],[-4.297,-3.983],[-3,-2],[-4,3.125],[-1.947,-1.947],[-18.125,0]],"o":[[0,0],[3.625,0],[4.375,0],[3.25,0.5],[6.625,0],[3.468,-1.734],[3.202,0],[1.377,2.5],[1.118,-5.75],[9.128,0],[3.75,0],[5.75,-4.75],[5.125,4.75],[3,2],[3.558,-2.78],[2.563,2.563],[4,0]],"v":[[-104.875,20.625],[-58.375,20.625],[-43.875,9.125],[-34,21],[-25.125,21],[-15.125,33.125],[-9.125,-64.625],[-3,46.5],[2.027,28.25],[17.137,20.875],[30.875,20.875],[47.375,9.5],[61.125,5.5],[76.875,21.375],[87.75,20.5],[96.125,21.625],[125.25,22.5]],"c":false},"ix":2},"nm":"Path 1","mn":"ADBE Vector Shape - Group","hd":false},{"ty":"st","c":{"a":0,"k":[0,0,0,1],"ix":3},"o":{"a":0,"k":100,"ix":4},"w":{"a":0,"k":3,"ix":5},"lc":1,"lj":1,"ml":4,"bm":0,"nm":"Stroke 1","mn":"ADBE Vector Graphic - Stroke","hd":false},{"ty":"fl","c":{"a":0,"k":[1,1,1,1],"ix":4},"o":{"a":0,"k":0,"ix":5},"r":1,"bm":0,"nm":"Fill 1","mn":"ADBE Vector Graphic - Fill","hd":false},{"ty":"tr","p":{"a":0,"k":[0,0],"ix":2},"a":{"a":0,"k":[0,0],"ix":1},"s":{"a":0,"k":[100,100],"ix":3},"r":{"a":0,"k":0,"ix":6},"o":{"a":0,"k":100,"ix":7},"sk":{"a":0,"k":0,"ix":4},"sa":{"a":0,"k":0,"ix":5},"nm":"Transform"}],"nm":"Shape 1","np":3,"cix":2,"bm":0,"ix":1,"mn":"ADBE Vector Group","hd":false},{"ty":"tm","s":{"a":1,"k":[{"i":{"x":[0.17],"y":[1]},"o":{"x":[0.83],"y":[0]},"t":15.804,"s":[0]},{"t":73.000002973351,"s":[100]}],"ix":1},"e":{"a":1,"k":[{"i":{"x":[0.17],"y":[1]},"o":{"x":[0.83],"y":[0]},"t":0,"s":[0]},{"t":54.1850022070003,"s":[100]}],"ix":2},"o":{"a":0,"k":0,"ix":3},"m":1,"ix":2,"nm":"Trim Paths 1","mn":"ADBE Vector Filter - Trim","hd":false}],"ip":0,"op":450.000018328876,"st":0,"bm":0}],"markers":[]}