{"v":"5.4.3","fr":60,"ip":0,"op":120,"w":800,"h":798,"nm":"Layer 4/syringe","ddd":0,"assets":[],"layers":[{"ddd":0,"ind":1,"ty":4,"nm":"Shape Layer 3","sr":1,"ks":{"o":{"a":1,"k":[{"i":{"x":[0.833],"y":[0.833]},"o":{"x":[0.167],"y":[0.167]},"n":["0p833_0p833_0p167_0p167"],"t":0,"s":[0],"e":[100]},{"t":1}],"ix":11},"r":{"a":0,"k":0,"ix":10},"p":{"a":1,"k":[{"i":{"x":0.833,"y":0.833},"o":{"x":0.167,"y":0.167},"n":"0p833_0p833_0p167_0p167","t":0,"s":[194.875,611.375,0],"e":[192.875,657.375,0],"to":[-0.33333334326744,7.66666650772095,0],"ti":[0.33333334326744,-40,0]},{"i":{"x":0.833,"y":0.833},"o":{"x":0.167,"y":0.167},"n":"0p833_0p833_0p167_0p167","t":20,"s":[192.875,657.375,0],"e":[192.875,851.375,0],"to":[-0.33333334326744,40,0],"ti":[0,-32.3333320617676,0]},{"t":40}],"ix":2},"a":{"a":0,"k":[-203,247,0],"ix":1},"s":{"a":1,"k":[{"i":{"x":[0.833,0.833,0.833],"y":[0.833,0.833,0.833]},"o":{"x":[0.167,0.167,0.167],"y":[0.167,0.167,0.167]},"n":["0p833_0p833_0p167_0p167","0p833_0p833_0p167_0p167","0p833_0p833_0p167_0p167"],"t":0,"s":[7.639,7.639,100],"e":[100,100,100]},{"t":20}],"ix":6}},"ao":0,"shapes":[{"ty":"gr","it":[{"ind":0,"ty":"sh","ix":1,"ks":{"a":0,"k":{"i":[[4,19],[-1,-18.5],[-7.25,0],[0,11.75]],"o":[[-3.75,25],[1,18.5],[7.25,0],[0,-11.75]],"v":[[-202.5,209.25],[-222.5,261.75],[-198.75,283],[-180,261.5]],"c":true},"ix":2},"nm":"Path 1","mn":"ADBE Vector Shape - Group","hd":false},{"ty":"fl","c":{"a":0,"k":[1,0.666666666667,0.086274509804,1],"ix":4},"o":{"a":0,"k":100,"ix":5},"r":1,"bm":0,"nm":"Fill 1","mn":"ADBE Vector Graphic - Fill","hd":false},{"ty":"tr","p":{"a":0,"k":[0,0],"ix":2},"a":{"a":0,"k":[0,0],"ix":1},"s":{"a":0,"k":[100,100],"ix":3},"r":{"a":0,"k":0,"ix":6},"o":{"a":0,"k":100,"ix":7},"sk":{"a":0,"k":0,"ix":4},"sa":{"a":0,"k":0,"ix":5},"nm":"Transform"}],"nm":"Shape 1","np":3,"cix":2,"bm":0,"ix":1,"mn":"ADBE Vector Group","hd":false}],"ip":0,"op":120,"st":0,"bm":0},{"ddd":0,"ind":2,"ty":4,"nm":"Shape Layer 2","sr":1,"ks":{"o":{"a":0,"k":100,"ix":11},"r":{"a":0,"k":0,"ix":10},"p":{"a":1,"k":[{"i":{"x":0.833,"y":0.833},"o":{"x":0.167,"y":0.167},"n":"0p833_0p833_0p167_0p167","t":11,"s":[410.25,389.625,0],"e":[399.875,399,0],"to":[-1.72916662693024,1.5625,0],"ti":[0.0625,0.01041666697711,0]},{"i":{"x":0.833,"y":0.833},"o":{"x":0.167,"y":0.167},"n":"0p833_0p833_0p167_0p167","t":13,"s":[399.875,399,0],"e":[399.875,399,0],"to":[-0.05971847474575,-0.00995307881385,0],"ti":[0,0,0]},{"i":{"x":0.833,"y":0.833},"o":{"x":0.167,"y":0.167},"n":"0p833_0p833_0p167_0p167","t":87,"s":[399.875,399,0],"e":[399.875,399,0],"to":[0,0,0],"ti":[0,0,0]},{"t":89}],"ix":2},"a":{"a":0,"k":[0,0,0],"ix":1},"s":{"a":0,"k":[100,100,100],"ix":6}},"ao":0,"hasMask":true,"masksProperties":[{"inv":false,"mode":"a","pt":{"a":1,"k":[{"i":{"x":0.833,"y":0.833},"o":{"x":0.167,"y":0.167},"n":"0p833_0p833_0p167_0p167","t":11,"s":[{"i":[[0,0],[0,0],[-4.224,3.915],[0,0],[0,0]],"o":[[0,0],[0,0],[4.224,-3.915],[0,0],[0,0]],"v":[[-106.938,34.438],[-95.875,45.611],[-86.099,45.54],[-84.309,38.174],[-97.496,25]],"c":true}],"e":[{"i":[[0,0],[0,0],[-4.224,3.915],[0,0],[0,0]],"o":[[0,0],[0,0],[4.224,-3.915],[0,0],[0,0]],"v":[[-96.562,25.062],[-85.5,36.236],[-75.724,36.165],[-73.934,28.799],[-87.121,15.625]],"c":true}]},{"i":{"x":0.833,"y":0.833},"o":{"x":0.167,"y":0.167},"n":"0p833_0p833_0p167_0p167","t":13,"s":[{"i":[[0,0],[0,0],[-4.224,3.915],[0,0],[0,0]],"o":[[0,0],[0,0],[4.224,-3.915],[0,0],[0,0]],"v":[[-96.562,25.062],[-85.5,36.236],[-75.724,36.165],[-73.934,28.799],[-87.121,15.625]],"c":true}],"e":[{"i":[[0,0],[0,0],[-4.224,3.915],[0,0],[0,0]],"o":[[0,0],[0,0],[4.224,-3.915],[0,0],[0,0]],"v":[[-96.438,25.188],[-85.375,36.361],[-75.599,36.29],[-73.809,28.924],[-86.996,15.75]],"c":true}]},{"i":{"x":0.833,"y":0.833},"o":{"x":0.167,"y":0.167},"n":"0p833_0p833_0p167_0p167","t":87,"s":[{"i":[[0,0],[0,0],[-4.224,3.915],[0,0],[0,0]],"o":[[0,0],[0,0],[4.224,-3.915],[0,0],[0,0]],"v":[[-96.438,25.188],[-85.375,36.361],[-75.599,36.29],[-73.809,28.924],[-86.996,15.75]],"c":true}],"e":[{"i":[[0,0],[0,0],[-4.224,3.915],[0,0],[0,0]],"o":[[0,0],[0,0],[4.224,-3.915],[0,0],[0,0]],"v":[[-85.938,16.125],[-74.875,27.299],[-65.099,27.227],[-63.309,19.861],[-76.496,6.688]],"c":true}]},{"t":89}],"ix":1},"o":{"a":0,"k":100,"ix":3},"x":{"a":0,"k":0,"ix":4},"nm":"Mask 1"}],"shapes":[{"ty":"gr","it":[{"ind":0,"ty":"sh","ix":1,"ks":{"a":0,"k":{"i":[[0,0],[0,0],[0,0],[-4.875,3.625],[0,0]],"o":[[0,0],[0,0],[0,0],[3.995,-2.97],[0,0]],"v":[[-87.25,15.75],[-96.625,25],[-85.75,36.125],[-75.875,36.125],[-74.125,28.625]],"c":true},"ix":2},"nm":"Path 1","mn":"ADBE Vector Shape - Group","hd":false},{"ty":"fl","c":{"a":0,"k":[0.756862745098,0.78431372549,0.823529411765,1],"ix":4},"o":{"a":0,"k":100,"ix":5},"r":1,"bm":0,"nm":"Fill 1","mn":"ADBE Vector Graphic - Fill","hd":false},{"ty":"tr","p":{"a":0,"k":[0,0],"ix":2},"a":{"a":0,"k":[0,0],"ix":1},"s":{"a":0,"k":[100,100],"ix":3},"r":{"a":0,"k":0,"ix":6},"o":{"a":0,"k":100,"ix":7},"sk":{"a":0,"k":0,"ix":4},"sa":{"a":0,"k":0,"ix":5},"nm":"Transform"}],"nm":"Shape 1","np":3,"cix":2,"bm":0,"ix":1,"mn":"ADBE Vector Group","hd":false}],"ip":0,"op":120,"st":0,"bm":0},{"ddd":0,"ind":3,"ty":4,"nm":"Shape Layer 1","sr":1,"ks":{"o":{"a":0,"k":100,"ix":11},"r":{"a":0,"k":0,"ix":10},"p":{"a":1,"k":[{"i":{"x":0.833,"y":0.833},"o":{"x":0.167,"y":0.167},"n":"0p833_0p833_0p167_0p167","t":3,"s":[365.375,381.75,0],"e":[354.5,391,0],"to":[-1.8125,1.54166662693024,0],"ti":[1.8125,-1.54166662693024,0]},{"i":{"x":0.833,"y":0.833},"o":{"x":0.167,"y":0.167},"n":"0p833_0p833_0p167_0p167","t":5,"s":[354.5,391,0],"e":[354.5,391,0],"to":[0,0,0],"ti":[0,0,0]},{"i":{"x":0.833,"y":0.833},"o":{"x":0.167,"y":0.167},"n":"0p833_0p833_0p167_0p167","t":95,"s":[354.5,391,0],"e":[366.75,381.5,0],"to":[2.04166674613953,-1.58333337306976,0],"ti":[-2.04166674613953,1.58333337306976,0]},{"t":97}],"ix":2},"a":{"a":0,"k":[-45.5,-8,0],"ix":1},"s":{"a":0,"k":[107.523,105.769,100],"ix":6}},"ao":0,"hasMask":true,"masksProperties":[{"inv":false,"mode":"a","pt":{"a":1,"k":[{"i":{"x":0.833,"y":0.833},"o":{"x":0.167,"y":0.167},"n":"0p833_0p833_0p167_0p167","t":3,"s":[{"i":[[0,0],[0,0],[-2.994,2.765],[0,0],[0,0]],"o":[[0,0],[0,0],[2.994,-2.765],[0,0],[0,0]],"v":[[-69.68,-3.43],[-50.055,15.828],[-42.174,15.085],[-41.145,7.453],[-60.645,-11.805]],"c":true}],"e":[{"i":[[0,0],[0,0],[-2.994,2.765],[0,0],[0,0]],"o":[[0,0],[0,0],[2.994,-2.765],[0,0],[0,0]],"v":[[-58.875,-12.625],[-39.25,6.633],[-31.369,5.89],[-30.34,-1.742],[-49.142,-21.473]],"c":true}]},{"i":{"x":0.833,"y":0.833},"o":{"x":0.167,"y":0.167},"n":"0p833_0p833_0p167_0p167","t":5,"s":[{"i":[[0,0],[0,0],[-2.994,2.765],[0,0],[0,0]],"o":[[0,0],[0,0],[2.994,-2.765],[0,0],[0,0]],"v":[[-58.875,-12.625],[-39.25,6.633],[-31.369,5.89],[-30.34,-1.742],[-49.142,-21.473]],"c":true}],"e":[{"i":[[0,0],[0,0],[-2.994,2.765],[0,0],[0,0]],"o":[[0,0],[0,0],[2.994,-2.765],[0,0],[0,0]],"v":[[-58.875,-12.625],[-39.25,6.633],[-31.369,5.89],[-30.34,-1.742],[-48.91,-21.709]],"c":true}]},{"i":{"x":0.833,"y":0.833},"o":{"x":0.167,"y":0.167},"n":"0p833_0p833_0p167_0p167","t":95,"s":[{"i":[[0,0],[0,0],[-2.994,2.765],[0,0],[0,0]],"o":[[0,0],[0,0],[2.994,-2.765],[0,0],[0,0]],"v":[[-58.875,-12.625],[-39.25,6.633],[-31.369,5.89],[-30.34,-1.742],[-48.91,-21.709]],"c":true}],"e":[{"i":[[0,0],[0,0],[-2.994,2.765],[0,0],[0,0]],"o":[[0,0],[0,0],[2.994,-2.765],[0,0],[0,0]],"v":[[-70.268,-3.643],[-50.643,15.615],[-42.762,14.871],[-41.733,7.24],[-61.233,-12.018]],"c":true}]},{"t":97}],"ix":1},"o":{"a":0,"k":100,"ix":3},"x":{"a":0,"k":0,"ix":4},"nm":"Mask 1"}],"shapes":[{"ty":"gr","it":[{"ty":"fl","c":{"a":0,"k":[0.756862745098,0.78431372549,0.823529411765,1],"ix":4},"o":{"a":0,"k":100,"ix":5},"r":1,"bm":0,"nm":"Fill 1","mn":"ADBE Vector Graphic - Fill","hd":false},{"ty":"tr","p":{"a":0,"k":[0,0],"ix":2},"a":{"a":0,"k":[0,0],"ix":1},"s":{"a":0,"k":[100,100],"ix":3},"r":{"a":0,"k":0,"ix":6},"o":{"a":0,"k":100,"ix":7},"sk":{"a":0,"k":0,"ix":4},"sa":{"a":0,"k":0,"ix":5},"nm":"Transform"}],"nm":"Shape 2","np":2,"cix":2,"bm":0,"ix":1,"mn":"ADBE Vector Group","hd":false},{"ty":"gr","it":[{"ind":0,"ty":"sh","ix":1,"ks":{"a":0,"k":{"i":[[0,0],[0,0],[0,0],[-3.375,2.875],[0,0]],"o":[[0,0],[0,0],[0,0],[3.375,-2.875],[0,0]],"v":[[-48.962,-21.605],[-59.017,-10.964],[-39.849,6.486],[-31.625,5.875],[-29.91,-2.341]],"c":true},"ix":2},"nm":"Path 1","mn":"ADBE Vector Shape - Group","hd":false},{"ty":"fl","c":{"a":0,"k":[0.756862745098,0.78431372549,0.823529411765,1],"ix":4},"o":{"a":0,"k":100,"ix":5},"r":1,"bm":0,"nm":"Fill 1","mn":"ADBE Vector Graphic - Fill","hd":false},{"ty":"tr","p":{"a":0,"k":[0,0],"ix":2},"a":{"a":0,"k":[0,0],"ix":1},"s":{"a":0,"k":[100,100],"ix":3},"r":{"a":0,"k":0,"ix":6},"o":{"a":0,"k":100,"ix":7},"sk":{"a":0,"k":0,"ix":4},"sa":{"a":0,"k":0,"ix":5},"nm":"Transform"}],"nm":"Shape 1","np":3,"cix":2,"bm":0,"ix":2,"mn":"ADBE Vector Group","hd":false}],"ip":0,"op":120,"st":0,"bm":0},{"ddd":0,"ind":4,"ty":4,"nm":"Layer 1/syringe Outlines","sr":1,"ks":{"o":{"a":0,"k":100,"ix":11},"r":{"a":0,"k":0,"ix":10},"p":{"a":0,"k":[400,399,0],"ix":2},"a":{"a":0,"k":[139.5,139,0],"ix":1},"s":{"a":0,"k":[100,100,100],"ix":6}},"ao":0,"shapes":[{"ty":"gr","it":[{"ind":0,"ty":"sh","ix":1,"ks":{"a":0,"k":{"i":[[0,0],[0.371,0],[0.614,0.613],[0,0],[0,0.371],[-0.61,0.614],[0,0],[0,0]],"o":[[-0.613,0.613],[-0.371,0],[0,0],[-0.61,-0.613],[0,-0.371],[0,0],[0,0],[0,0]],"v":[[-100.521,123.961],[-102.217,124.664],[-103.917,123.961],[-123.295,104.582],[-123.999,102.883],[-123.295,101.188],[-110.831,88.723],[-88.057,111.496]],"c":true},"ix":2},"nm":"Path 1","mn":"ADBE Vector Shape - Group","hd":false},{"ind":1,"ty":"sh","ix":2,"ks":{"a":0,"k":{"i":[[0,0],[0,0],[3.645,0],[2.578,-2.574],[0,0],[-5.316,-5.324],[0,0],[0,0],[0,-3.848],[-2.719,-2.718],[0,0],[-3.848,0],[-2.722,2.723],[0,0],[0,0],[-3.496,0],[-2.66,2.657],[0,0],[2.344,2.342],[2.34,-2.341],[0,0],[0.64,0.645],[0,0],[-0.644,0.64],[0,0],[-0.312,0],[-0.403,-0.398],[0,0],[0,-0.313],[0.398,-0.395],[0,0],[-2.343,-2.344],[-2.34,2.339],[0,0],[0,3.644],[2.578,2.579],[0,0]],"o":[[0,0],[-2.578,-2.578],[-3.644,0],[0,0],[-5.316,5.321],[0,0],[0,0],[-2.719,2.719],[0,3.848],[0,0],[2.719,2.723],[3.847,0],[0,0],[0,0],[2.66,2.657],[3.496,0],[0,0],[2.344,-2.343],[-2.343,-2.345],[0,0],[-0.641,0.645],[0,0],[-0.644,-0.641],[0,0],[0.395,-0.398],[0.309,0],[0,0],[0.398,0.402],[0,0.312],[0,0],[-2.343,2.344],[2.344,2.339],[0,0],[2.578,-2.579],[0,-3.649],[0,0],[0,0]],"v":[[86.604,-114.266],[66.443,-134.43],[56.79,-138.43],[47.143,-134.434],[-133.776,46.484],[-133.776,65.785],[-119.319,80.238],[-131.78,92.703],[-135.999,102.883],[-131.78,113.066],[-112.401,132.445],[-102.217,136.664],[-92.034,132.445],[-79.573,119.984],[-65.116,134.441],[-55.467,138.43],[-45.819,134.441],[100.342,-11.719],[100.342,-20.206],[91.857,-20.206],[-54.307,125.953],[-56.631,125.953],[-125.288,57.297],[-125.288,54.973],[55.63,-125.946],[56.79,-126.43],[57.955,-125.946],[126.611,-57.289],[127.096,-56.124],[126.611,-54.965],[112.087,-40.442],[112.087,-31.953],[120.572,-31.953],[135.096,-46.476],[139.091,-56.124],[135.096,-65.778],[114.932,-85.942]],"c":false},"ix":2},"nm":"Path 2","mn":"ADBE Vector Shape - Group","hd":false},{"ty":"mm","mm":1,"nm":"Merge Paths 1","mn":"ADBE Vector Filter - Merge","hd":false},{"ty":"fl","c":{"a":0,"k":[0.263000009574,0.298000021542,0.328999986836,1],"ix":4},"o":{"a":0,"k":100,"ix":5},"r":1,"bm":0,"nm":"Fill 1","mn":"ADBE Vector Graphic - Fill","hd":false},{"ty":"tr","p":{"a":0,"k":[139.341,138.68],"ix":2},"a":{"a":0,"k":[0,0],"ix":1},"s":{"a":0,"k":[100,100],"ix":3},"r":{"a":0,"k":0,"ix":6},"o":{"a":0,"k":100,"ix":7},"sk":{"a":0,"k":0,"ix":4},"sa":{"a":0,"k":0,"ix":5},"nm":"Transform"}],"nm":"Group 1","np":4,"cix":2,"bm":0,"ix":1,"mn":"ADBE Vector Group","hd":false},{"ty":"gr","it":[{"ind":0,"ty":"sh","ix":1,"ks":{"a":0,"k":{"i":[[1.535,0],[1.172,1.172],[0,0],[-2.344,2.344],[-2.34,-2.344],[0,0],[2.344,-2.344]],"o":[[-1.535,0],[0,0],[-2.344,-2.343],[2.344,-2.344],[0,0],[2.344,2.344],[-1.168,1.172]],"v":[[7.549,13.838],[3.303,12.08],[-11.787,-3.01],[-11.787,-11.494],[-3.303,-11.494],[11.787,3.596],[11.787,12.08]],"c":true},"ix":2},"nm":"Path 1","mn":"ADBE Vector Shape - Group","hd":false},{"ty":"fl","c":{"a":0,"k":[1,0.505999995213,0.144999994016,1],"ix":4},"o":{"a":0,"k":100,"ix":5},"r":1,"bm":0,"nm":"Fill 1","mn":"ADBE Vector Graphic - Fill","hd":false},{"ty":"tr","p":{"a":0,"k":[51.404,162.612],"ix":2},"a":{"a":0,"k":[0,0],"ix":1},"s":{"a":0,"k":[100,100],"ix":3},"r":{"a":0,"k":0,"ix":6},"o":{"a":0,"k":100,"ix":7},"sk":{"a":0,"k":0,"ix":4},"sa":{"a":0,"k":0,"ix":5},"nm":"Transform"}],"nm":"Group 2","np":2,"cix":2,"bm":0,"ix":2,"mn":"ADBE Vector Group","hd":false},{"ty":"gr","it":[{"ind":0,"ty":"sh","ix":1,"ks":{"a":0,"k":{"i":[[1.535,0],[1.172,1.172],[0,0],[-2.339,2.343],[-2.344,-2.344],[0,0],[2.344,-2.344]],"o":[[-1.536,0],[0,0],[-2.339,-2.344],[2.348,-2.344],[0,0],[2.344,2.344],[-1.172,1.172]],"v":[[11.041,17.332],[6.794,15.578],[-15.288,-6.504],[-15.288,-14.988],[-6.799,-14.988],[15.283,7.094],[15.283,15.578]],"c":true},"ix":2},"nm":"Path 1","mn":"ADBE Vector Shape - Group","hd":false},{"ty":"fl","c":{"a":0,"k":[1,0.505999995213,0.144999994016,1],"ix":4},"o":{"a":0,"k":100,"ix":5},"r":1,"bm":0,"nm":"Fill 1","mn":"ADBE Vector Graphic - Fill","hd":false},{"ty":"tr","p":{"a":0,"k":[92.338,128.668],"ix":2},"a":{"a":0,"k":[0,0],"ix":1},"s":{"a":0,"k":[100,100],"ix":3},"r":{"a":0,"k":0,"ix":6},"o":{"a":0,"k":100,"ix":7},"sk":{"a":0,"k":0,"ix":4},"sa":{"a":0,"k":0,"ix":5},"nm":"Transform"}],"nm":"Group 3","np":2,"cix":2,"bm":0,"ix":3,"mn":"ADBE Vector Group","hd":false},{"ty":"gr","it":[{"ind":0,"ty":"sh","ix":1,"ks":{"a":0,"k":{"i":[[1.539,0],[1.172,1.172],[0,0],[-2.34,2.344],[-2.344,-2.34],[0,0],[2.344,-2.343]],"o":[[-1.535,0],[0,0],[-2.34,-2.344],[2.348,-2.34],[0,0],[2.344,2.344],[-1.172,1.172]],"v":[[7.545,13.836],[3.303,12.082],[-11.791,-3.007],[-11.791,-11.496],[-3.303,-11.496],[11.787,3.594],[11.787,12.082]],"c":true},"ix":2},"nm":"Path 1","mn":"ADBE Vector Shape - Group","hd":false},{"ty":"fl","c":{"a":0,"k":[0.757000014361,0.783999992819,0.823999980852,1],"ix":4},"o":{"a":0,"k":100,"ix":5},"r":1,"bm":0,"nm":"Fill 1","mn":"ADBE Vector Graphic - Fill","hd":false},{"ty":"tr","p":{"a":0,"k":[126.279,87.739],"ix":2},"a":{"a":0,"k":[0,0],"ix":1},"s":{"a":0,"k":[100,100],"ix":3},"r":{"a":0,"k":0,"ix":6},"o":{"a":0,"k":100,"ix":7},"sk":{"a":0,"k":0,"ix":4},"sa":{"a":0,"k":0,"ix":5},"nm":"Transform"}],"nm":"Group 4","np":2,"cix":2,"bm":0,"ix":4,"mn":"ADBE Vector Group","hd":false},{"ty":"gr","it":[{"ind":0,"ty":"sh","ix":1,"ks":{"a":0,"k":{"i":[[1.531,0],[1.172,1.172],[0,0],[-2.344,2.339],[-2.34,-2.34],[0,0],[2.344,-2.344]],"o":[[-1.535,0],[0,0],[-2.344,-2.344],[2.344,-2.344],[0,0],[2.344,2.344],[-1.168,1.172]],"v":[[11.045,17.332],[6.799,15.574],[-15.283,-6.504],[-15.283,-14.988],[-6.799,-14.992],[15.283,7.09],[15.283,15.574]],"c":true},"ix":2},"nm":"Path 1","mn":"ADBE Vector Shape - Group","hd":false},{"ty":"fl","c":{"a":0,"k":[0.757000014361,0.783999992819,0.823999980852,1],"ix":4},"o":{"a":0,"k":100,"ix":5},"r":1,"bm":0,"nm":"Fill 1","mn":"ADBE Vector Graphic - Fill","hd":false},{"ty":"tr","p":{"a":0,"k":[167.209,53.797],"ix":2},"a":{"a":0,"k":[0,0],"ix":1},"s":{"a":0,"k":[100,100],"ix":3},"r":{"a":0,"k":0,"ix":6},"o":{"a":0,"k":100,"ix":7},"sk":{"a":0,"k":0,"ix":4},"sa":{"a":0,"k":0,"ix":5},"nm":"Transform"}],"nm":"Group 5","np":2,"cix":2,"bm":0,"ix":5,"mn":"ADBE Vector Group","hd":false}],"ip":0,"op":120,"st":0,"bm":0},{"ddd":0,"ind":6,"ty":4,"nm":"Layer 3/syringe Outlines","sr":1,"ks":{"o":{"a":0,"k":100,"ix":11},"r":{"a":0,"k":0,"ix":10},"p":{"a":1,"k":[{"i":{"x":0.833,"y":0.833},"o":{"x":0.167,"y":0.167},"n":"0p833_0p833_0p167_0p167","t":0,"s":[321,498,0],"e":[324,493,0],"to":[0.5,-0.83333331346512,0],"ti":[0,0,0]},{"i":{"x":0.833,"y":0.833},"o":{"x":0.167,"y":0.167},"n":"0p833_0p833_0p167_0p167","t":20,"s":[324,493,0],"e":[324,493,0],"to":[0,0,0],"ti":[-2.01056575775146,2.0533435344696,0]},{"i":{"x":0.833,"y":0.833},"o":{"x":0.167,"y":0.167},"n":"0p833_0p833_0p167_0p167","t":80,"s":[324,493,0],"e":[321,498,0],"to":[14.9479379653931,-15.2659788131714,0],"ti":[0,-0.16666667163372,0]},{"i":{"x":0.833,"y":0.833},"o":{"x":0.167,"y":0.167},"n":"0p833_0p833_0p167_0p167","t":100,"s":[321,498,0],"e":[324,494,0],"to":[0,0.16666667163372,0],"ti":[0,0,0]},{"t":119}],"ix":2},"a":{"a":0,"k":[34,140,0],"ix":1},"s":{"a":0,"k":[100,100,100],"ix":6}},"ao":0,"hasMask":true,"masksProperties":[{"inv":false,"mode":"a","pt":{"a":1,"k":[{"i":{"x":0.833,"y":0.833},"o":{"x":0.167,"y":0.167},"n":"0p833_0p833_0p167_0p167","t":0,"s":[{"i":[[0,0],[0,0],[0,0],[0,0]],"o":[[0,0],[0,0],[0,0],[0,0]],"v":[[-22.668,100.469],[55.332,175.585],[151.445,86.585],[71.445,5.469]],"c":true}],"e":[{"i":[[0,0],[0,0],[0,0],[0,0]],"o":[[0,0],[0,0],[0,0],[0,0]],"v":[[-133.668,209.469],[-55.668,284.585],[40.445,195.585],[-39.555,114.469]],"c":true}]},{"i":{"x":0.833,"y":0.833},"o":{"x":0.167,"y":0.167},"n":"0p833_0p833_0p167_0p167","t":20,"s":[{"i":[[0,0],[0,0],[0,0],[0,0]],"o":[[0,0],[0,0],[0,0],[0,0]],"v":[[-133.668,209.469],[-55.668,284.585],[40.445,195.585],[-39.555,114.469]],"c":true}],"e":[{"i":[[0,0],[0,0],[0,0],[0,0]],"o":[[0,0],[0,0],[0,0],[0,0]],"v":[[-133.668,209.469],[-55.668,284.585],[40.445,195.585],[-39.555,114.469]],"c":true}]},{"i":{"x":0.833,"y":0.833},"o":{"x":0.167,"y":0.167},"n":"0p833_0p833_0p167_0p167","t":80,"s":[{"i":[[0,0],[0,0],[0,0],[0,0]],"o":[[0,0],[0,0],[0,0],[0,0]],"v":[[-133.668,209.469],[-55.668,284.585],[40.445,195.585],[-39.555,114.469]],"c":true}],"e":[{"i":[[0,0],[0,0],[0,0],[0,0]],"o":[[0,0],[0,0],[0,0],[0,0]],"v":[[-22.668,100.469],[55.332,175.585],[151.445,86.585],[71.445,5.469]],"c":true}]},{"i":{"x":0.833,"y":0.833},"o":{"x":0.167,"y":0.167},"n":"0p833_0p833_0p167_0p167","t":100,"s":[{"i":[[0,0],[0,0],[0,0],[0,0]],"o":[[0,0],[0,0],[0,0],[0,0]],"v":[[-22.668,100.469],[55.332,175.585],[151.445,86.585],[71.445,5.469]],"c":true}],"e":[{"i":[[0,0],[0,0],[0,0],[0,0]],"o":[[0,0],[0,0],[0,0],[0,0]],"v":[[-23.668,99.469],[54.332,174.585],[150.445,85.585],[70.445,4.469]],"c":true}]},{"t":119}],"ix":1},"o":{"a":0,"k":100,"ix":3},"x":{"a":0,"k":0,"ix":4},"nm":"Mask 1"}],"shapes":[{"ty":"gr","it":[{"ind":0,"ty":"sh","ix":1,"ks":{"a":0,"k":{"i":[[0,0],[-2.984,-2.985],[0,0],[-2.984,2.988],[0,0],[0,0]],"o":[[-2.984,2.988],[0,0],[2.989,2.988],[0,0],[0,0],[0,0]],"v":[[-83.445,3.974],[-83.445,14.788],[-14.79,83.444],[-3.977,83.444],[86.43,-6.964],[6.961,-86.431]],"c":true},"ix":2},"nm":"Path 1","mn":"ADBE Vector Shape - Group","hd":false},{"ty":"fl","c":{"a":0,"k":[1,0.666999966491,0.086000001197,1],"ix":4},"o":{"a":0,"k":100,"ix":5},"r":1,"bm":0,"nm":"Fill 1","mn":"ADBE Vector Graphic - Fill","hd":false},{"ty":"tr","p":{"a":0,"k":[63.015,91.9],"ix":2},"a":{"a":0,"k":[0,0],"ix":1},"s":{"a":0,"k":[100,100],"ix":3},"r":{"a":0,"k":0,"ix":6},"o":{"a":0,"k":100,"ix":7},"sk":{"a":0,"k":0,"ix":4},"sa":{"a":0,"k":0,"ix":5},"nm":"Transform"}],"nm":"Group 2","np":2,"cix":2,"bm":0,"ix":1,"mn":"ADBE Vector Group","hd":false}],"ip":0,"op":120,"st":0,"bm":0},{"ddd":0,"ind":8,"ty":4,"nm":"Layer 4/syringe Outlines","sr":1,"ks":{"o":{"a":0,"k":100,"ix":11},"r":{"a":0,"k":0,"ix":10},"p":{"a":0,"k":[360,439,0],"ix":2},"a":{"a":0,"k":[170,169.5,0],"ix":1},"s":{"a":0,"k":[100,100,100],"ix":6}},"ao":0,"shapes":[{"ty":"gr","it":[{"ind":0,"ty":"sh","ix":1,"ks":{"a":0,"k":{"i":[[2.988,2.989],[0,0],[0,0],[0,0],[-2.984,2.984],[0,0]],"o":[[0,0],[0,0],[0,0],[2.989,2.984],[0,0],[2.988,-2.984]],"v":[[105.834,-85.891],[82.908,-108.82],[-108.822,82.91],[-85.893,105.836],[-75.08,105.836],[105.834,-75.078]],"c":true},"ix":2},"nm":"Path 1","mn":"ADBE Vector Shape - Group","hd":false},{"ty":"fl","c":{"a":0,"k":[0.885999971278,0.922000002394,0.976000019148,1],"ix":4},"o":{"a":0,"k":100,"ix":5},"r":1,"bm":0,"nm":"Fill 1","mn":"ADBE Vector Graphic - Fill","hd":false},{"ty":"tr","p":{"a":0,"k":[229.967,157.781],"ix":2},"a":{"a":0,"k":[0,0],"ix":1},"s":{"a":0,"k":[100,100],"ix":3},"r":{"a":0,"k":0,"ix":6},"o":{"a":0,"k":100,"ix":7},"sk":{"a":0,"k":0,"ix":4},"sa":{"a":0,"k":0,"ix":5},"nm":"Transform"}],"nm":"Group 1","np":2,"cix":2,"bm":0,"ix":1,"mn":"ADBE Vector Group","hd":false},{"ty":"gr","it":[{"ind":0,"ty":"sh","ix":1,"ks":{"a":0,"k":{"i":[[2.989,2.984],[0,0],[-2.984,2.985],[0,0],[-2.985,-2.984],[0,0],[2.988,-2.984],[0,0]],"o":[[0,0],[-2.984,-2.988],[0,0],[2.985,-2.984],[0,0],[2.988,2.989],[0,0],[-2.984,2.984]],"v":[[-61.537,130.191],[-130.193,61.536],[-130.193,50.722],[50.72,-130.191],[61.534,-130.191],[130.19,-61.536],[130.19,-50.723],[-50.725,130.191]],"c":true},"ix":2},"nm":"Path 1","mn":"ADBE Vector Shape - Group","hd":false},{"ty":"fl","c":{"a":0,"k":[1,1,1,1],"ix":4},"o":{"a":0,"k":100,"ix":5},"r":1,"bm":0,"nm":"Fill 1","mn":"ADBE Vector Graphic - Fill","hd":false},{"ty":"tr","p":{"a":0,"k":[205.612,133.426],"ix":2},"a":{"a":0,"k":[0,0],"ix":1},"s":{"a":0,"k":[100,100],"ix":3},"r":{"a":0,"k":0,"ix":6},"o":{"a":0,"k":100,"ix":7},"sk":{"a":0,"k":0,"ix":4},"sa":{"a":0,"k":0,"ix":5},"nm":"Transform"}],"nm":"Group 2","np":2,"cix":2,"bm":0,"ix":2,"mn":"ADBE Vector Group","hd":false},{"ty":"gr","it":[{"ind":0,"ty":"sh","ix":1,"ks":{"a":0,"k":{"i":[[3.282,3.277],[0,0],[-3.281,3.282],[0,0],[0,0],[0,0]],"o":[[0,0],[-3.281,-3.281],[0,0],[0,0],[0,0],[-3.277,3.277]],"v":[[-12.204,31.586],[-31.583,12.203],[-31.583,0.32],[3.602,-34.863],[34.864,-3.602],[-0.325,31.586]],"c":true},"ix":2},"nm":"Path 1","mn":"ADBE Vector Shape - Group","hd":false},{"ty":"fl","c":{"a":0,"k":[0.885999971278,0.922000002394,0.976000019148,1],"ix":4},"o":{"a":0,"k":100,"ix":5},"r":1,"bm":0,"nm":"Fill 1","mn":"ADBE Vector Graphic - Fill","hd":false},{"ty":"tr","p":{"a":0,"k":[108.993,230.043],"ix":2},"a":{"a":0,"k":[0,0],"ix":1},"s":{"a":0,"k":[100,100],"ix":3},"r":{"a":0,"k":0,"ix":6},"o":{"a":0,"k":100,"ix":7},"sk":{"a":0,"k":0,"ix":4},"sa":{"a":0,"k":0,"ix":5},"nm":"Transform"}],"nm":"Group 3","np":2,"cix":2,"bm":0,"ix":3,"mn":"ADBE Vector Group","hd":false},{"ty":"gr","it":[{"ind":0,"ty":"sh","ix":1,"ks":{"a":0,"k":{"i":[[1.535,0],[1.172,1.172],[-2.34,2.344],[0,0],[-2.344,-2.34],[2.344,-2.344],[0,0]],"o":[[-1.535,0],[-2.34,-2.344],[0,0],[2.347,-2.34],[2.344,2.344],[0,0],[-1.172,1.172]],"v":[[-40.829,46.426],[-45.071,44.668],[-45.071,36.18],[35.195,-44.086],[43.683,-44.086],[43.683,-35.597],[-36.583,44.664]],"c":true},"ix":2},"nm":"Path 1","mn":"ADBE Vector Shape - Group","hd":false},{"ty":"fl","c":{"a":0,"k":[0.666999966491,0.698000021542,0.725,1],"ix":4},"o":{"a":0,"k":100,"ix":5},"r":1,"bm":0,"nm":"Fill 1","mn":"ADBE Vector Graphic - Fill","hd":false},{"ty":"tr","p":{"a":0,"k":[47.661,291.777],"ix":2},"a":{"a":0,"k":[0,0],"ix":1},"s":{"a":0,"k":[100,100],"ix":3},"r":{"a":0,"k":0,"ix":6},"o":{"a":0,"k":100,"ix":7},"sk":{"a":0,"k":0,"ix":4},"sa":{"a":0,"k":0,"ix":5},"nm":"Transform"}],"nm":"Group 4","np":4,"cix":2,"bm":0,"ix":4,"mn":"ADBE Vector Group","hd":false}],"ip":0,"op":120,"st":0,"bm":0},{"ddd":0,"ind":10,"ty":4,"nm":"handle/syringe Outlines","sr":1,"ks":{"o":{"a":0,"k":100,"ix":11},"r":{"a":0,"k":0,"ix":10},"p":{"a":1,"k":[{"i":{"x":0.833,"y":0.833},"o":{"x":0.167,"y":0.167},"n":"0p833_0p833_0p167_0p167","t":0,"s":[576,221,0],"e":[496,301,0],"to":[-13.3333330154419,13.3333330154419,0],"ti":[13.3333330154419,-13.3333330154419,0]},{"i":{"x":0.833,"y":0.833},"o":{"x":0.167,"y":0.167},"n":"0p833_0p833_0p167_0p167","t":20,"s":[496,301,0],"e":[496,301,0],"to":[0,0,0],"ti":[0,0,0]},{"i":{"x":0.833,"y":0.833},"o":{"x":0.167,"y":0.167},"n":"0p833_0p833_0p167_0p167","t":80,"s":[496,301,0],"e":[576,221,0],"to":[13.3333330154419,-13.3333330154419,0],"ti":[-13.3333330154419,13.3333330154419,0]},{"t":100}],"ix":2},"a":{"a":0,"k":[91,91.5,0],"ix":1},"s":{"a":0,"k":[100,100,100],"ix":6}},"ao":0,"shapes":[{"ty":"gr","it":[{"ind":0,"ty":"sh","ix":1,"ks":{"a":0,"k":{"i":[[0.418,-0.418],[0,0],[0.418,0.422],[0,0],[-0.418,0.422],[0,0],[-0.418,-0.418],[0,0]],"o":[[0,0],[-0.422,0.422],[0,0],[-0.418,-0.418],[0,0],[0.418,-0.418],[0,0],[0.418,0.421]],"v":[[38.182,25.648],[25.651,38.18],[24.122,38.18],[-38.181,-24.124],[-38.181,-25.652],[-25.65,-38.183],[-24.128,-38.183],[38.182,24.126]],"c":true},"ix":2},"nm":"Path 1","mn":"ADBE Vector Shape - Group","hd":false},{"ty":"fl","c":{"a":0,"k":[0.463000009574,1,0.855000035903,1],"ix":4},"o":{"a":0,"k":100,"ix":5},"r":1,"bm":0,"nm":"Fill 1","mn":"ADBE Vector Graphic - Fill","hd":false},{"ty":"tr","p":{"a":0,"k":[129.889,52.015],"ix":2},"a":{"a":0,"k":[0,0],"ix":1},"s":{"a":0,"k":[100,100],"ix":3},"r":{"a":0,"k":0,"ix":6},"o":{"a":0,"k":100,"ix":7},"sk":{"a":0,"k":0,"ix":4},"sa":{"a":0,"k":0,"ix":5},"nm":"Transform"}],"nm":"Group 1","np":2,"cix":2,"bm":0,"ix":1,"mn":"ADBE Vector Group","hd":false},{"ty":"gr","it":[{"ind":0,"ty":"sh","ix":1,"ks":{"a":0,"k":{"i":[[0,0],[0,0],[0,0],[0,0]],"o":[[0,0],[0,0],[0,0],[0,0]],"v":[[-57.412,45.755],[46.057,-57.107],[57.412,-45.752],[-46.06,57.107]],"c":false},"ix":2},"nm":"Path 1","mn":"ADBE Vector Shape - Group","hd":false},{"ty":"fl","c":{"a":0,"k":[0.666999966491,0.698000021542,0.725,1],"ix":4},"o":{"a":0,"k":100,"ix":5},"r":1,"bm":0,"nm":"Fill 1","mn":"ADBE Vector Graphic - Fill","hd":false},{"ty":"tr","p":{"a":0,"k":[62.638,118.959],"ix":2},"a":{"a":0,"k":[0,0],"ix":1},"s":{"a":0,"k":[100,100],"ix":3},"r":{"a":0,"k":0,"ix":6},"o":{"a":0,"k":100,"ix":7},"sk":{"a":0,"k":0,"ix":4},"sa":{"a":0,"k":0,"ix":5},"nm":"Transform"}],"nm":"Group 2","np":2,"cix":2,"bm":0,"ix":2,"mn":"ADBE Vector Group","hd":false},{"ty":"gr","it":[{"ind":0,"ty":"sh","ix":1,"ks":{"a":0,"k":{"i":[[0,0],[0,0],[0,0],[0,0],[-3.347,0],[-2.55,2.547],[0,0],[5.097,5.098],[0,0],[5.097,-5.098],[0,0],[-5.102,-5.098],[0,0],[0,0]],"o":[[0,0],[0,0],[0,0],[2.551,2.55],[3.348,0],[0,0],[5.097,-5.094],[0,0],[-5.098,-5.098],[0,0],[-5.102,5.101],[0,0],[0,0],[0,0]],"v":[[-62.373,90.816],[37.588,-9.376],[54.572,7.614],[54.576,7.614],[63.822,11.438],[73.072,7.614],[85.604,-4.921],[85.604,-23.41],[23.295,-85.719],[4.803,-85.719],[-7.728,-73.188],[-7.728,-54.691],[9.26,-37.704],[-90.701,62.493]],"c":false},"ix":2},"nm":"Path 1","mn":"ADBE Vector Shape - Group","hd":false},{"ty":"fl","c":{"a":0,"k":[0.263000009574,0.298000021542,0.328999986836,1],"ix":4},"o":{"a":0,"k":100,"ix":5},"r":1,"bm":0,"nm":"Fill 1","mn":"ADBE Vector Graphic - Fill","hd":false},{"ty":"tr","p":{"a":0,"k":[90.951,91.067],"ix":2},"a":{"a":0,"k":[0,0],"ix":1},"s":{"a":0,"k":[100,100],"ix":3},"r":{"a":0,"k":0,"ix":6},"o":{"a":0,"k":100,"ix":7},"sk":{"a":0,"k":0,"ix":4},"sa":{"a":0,"k":0,"ix":5},"nm":"Transform"}],"nm":"Group 3","np":2,"cix":2,"bm":0,"ix":3,"mn":"ADBE Vector Group","hd":false}],"ip":0,"op":120,"st":0,"bm":0}],"markers":[]}